# q2 xb t phi eta_pub eta_new r=eta_new/eta_pub
   1.1500   0.1320   0.120    63.00    0.99570    1.06972   1.07433
   1.1500   0.1320   0.120    81.00    0.98311    1.03498   1.05277
   1.1400   0.1320   0.120    99.00    0.97178    1.01066   1.04001
   1.1500   0.1320   0.120   117.00    0.96425    0.99646   1.03341
   1.1500   0.1320   0.120   135.00    0.95796    0.98537   1.02862
   1.1500   0.1320   0.119   153.00    0.95384    0.97851   1.02586
   1.1500   0.1310   0.120   171.00    0.95254    0.97600   1.02464
   1.1500   0.1320   0.120   189.00    0.95157    0.97458   1.02419
   1.1500   0.1320   0.119   207.00    0.95384    0.97854   1.02589
   1.1500   0.1320   0.119   225.00    0.95807    0.98574   1.02887
   1.1500   0.1320   0.120   243.00    0.96425    0.99679   1.03375
   1.1500   0.1320   0.120   261.00    0.97261    1.01280   1.04133
   1.1500   0.1320   0.120   279.00    0.98311    1.03576   1.05355
   1.1500   0.1320   0.120   297.00    0.99570    1.07075   1.07537
   1.1500   0.1320   0.175    63.00    0.99520    1.06303   1.06816
   1.1500   0.1320   0.174    81.00    0.98076    1.02646   1.04659
   1.1500   0.1320   0.175    99.00    0.96889    1.00308   1.03529
   1.1500   0.1320   0.175   117.00    0.95952    0.98701   1.02865
   1.1500   0.1320   0.175   135.00    0.95245    0.97578   1.02450
   1.1400   0.1320   0.175   153.00    0.94678    0.96778   1.02218
   1.1500   0.1320   0.174   171.00    0.94519    0.96522   1.02119
   1.1500   0.1320   0.174   189.00    0.94519    0.96517   1.02113
   1.1500   0.1320   0.175   207.00    0.94759    0.96882   1.02240
   1.1500   0.1320   0.174   225.00    0.95253    0.97597   1.02460
   1.1500   0.1320   0.174   243.00    0.95960    0.98735   1.02892
   1.1500   0.1320   0.175   261.00    0.96889    1.00347   1.03569
   1.1500   0.1320   0.174   279.00    0.98076    1.02706   1.04721
   1.1500   0.1320   0.175   297.00    0.99520    1.06390   1.06904
   1.1500   0.1320   0.249    45.00    1.01235    1.11552   1.10190
   1.1500   0.1320   0.248    63.00    0.99329    1.05193   1.05904
   1.1500   0.1320   0.248    81.00    0.97750    1.01632   1.03971
   1.1500   0.1320   0.249    99.00    0.96465    0.99324   1.02964
   1.1500   0.1320   0.248   117.00    0.95457    0.97773   1.02426
   1.1500   0.1320   0.248   135.00    0.94688    0.96672   1.02095
   1.1500   0.1320   0.249   153.00    0.94145    0.95972   1.01941
   1.1500   0.1320   0.247   171.00    0.93875    0.95616   1.01855
   1.1500   0.1320   0.248   189.00    0.93868    0.95598   1.01844
   1.1500   0.1320   0.248   207.00    0.94152    0.95974   1.01935
   1.1500   0.1320   0.248   225.00    0.94688    0.96666   1.02088
   1.1500   0.1320   0.248   243.00    0.95457    0.97780   1.02433
   1.1500   0.1320   0.249   261.00    0.96465    0.99344   1.02984
   1.1500   0.1320   0.248   279.00    0.97750    1.01669   1.04009
   1.1500   0.1320   0.249   297.00    0.99326    1.05238   1.05952
   1.1500   0.1320   0.248   315.00    1.01237    1.11659   1.10295
   1.1500   0.1320   0.349    63.00    0.98988    1.03762   1.04823
   1.1500   0.1320   0.348    81.00    0.97337    1.00530   1.03280
   1.1500   0.1320   0.348    99.00    0.95989    0.98348   1.02458
   1.1500   0.1320   0.348   117.00    0.94919    0.96845   1.02029
   1.1500   0.1320   0.348   135.00    0.94103    0.95770   1.01771
   1.1500   0.1320   0.347   153.00    0.93531    0.95088   1.01664
   1.1500   0.1320   0.347   171.00    0.93219    0.94724   1.01614
   1.1500   0.1320   0.348   189.00    0.93213    0.94707   1.01602
   1.1500   0.1320   0.348   207.00    0.93525    0.95064   1.01645
   1.1500   0.1320   0.348   225.00    0.94103    0.95754   1.01754
   1.1500   0.1320   0.348   243.00    0.94919    0.96839   1.02022
   1.1500   0.1320   0.349   261.00    0.95985    0.98341   1.02455
   1.1500   0.1320   0.349   279.00    0.97333    1.00533   1.03288
   1.1500   0.1320   0.348   297.00    0.98992    1.03800   1.04858
   1.1500   0.1320   0.348   315.00    1.00968    1.09312   1.08264
   1.1500   0.1320   0.492    27.00    1.02473    1.13498   1.10758
   1.1500   0.1320   0.492    45.00    1.00448    1.06485   1.06010
   1.1500   0.1320   0.492    63.00    0.98499    1.02190   1.03748
   1.1500   0.1320   0.493    81.00    0.96810    0.99315   1.02587
   1.1500   0.1320   0.492    99.00    0.95419    0.97321   1.01993
   1.1500   0.1320   0.493   117.00    0.94307    0.95851   1.01638
   1.1500   0.1320   0.493   135.00    0.93456    0.94820   1.01460
   1.1500   0.1320   0.492   153.00    0.92857    0.94167   1.01411
   1.1500   0.1320   0.492   171.00    0.92530    0.93814   1.01388
   1.1500   0.1320   0.493   189.00    0.92526    0.93797   1.01374
   1.1500   0.1320   0.493   207.00    0.92853    0.94141   1.01388
   1.1500   0.1320   0.493   225.00    0.93456    0.94796   1.01434
   1.1500   0.1320   0.494   243.00    0.94303    0.95825   1.01613
   1.1500   0.1320   0.492   261.00    0.95419    0.97305   1.01976
   1.1500   0.1320   0.493   279.00    0.96810    0.99301   1.02574
   1.1500   0.1320   0.491   297.00    0.98502    1.02188   1.03742
   1.1500   0.1330   0.493   315.00    1.00442    1.06475   1.06007
   1.1500   0.1320   0.492   333.00    1.02473    1.13423   1.10686
   1.1500   0.1320   0.770     9.00    1.02490    1.09589   1.06927
   1.1500   0.1320   0.772    27.00    1.01343    1.06746   1.05332
   1.1500   0.1320   0.771    45.00    0.99567    1.03192   1.03640
   1.1500   0.1320   0.770    63.00    0.97695    1.00145   1.02508
   1.1500   0.1330   0.768    81.00    0.95961    0.97695   1.01807
   1.1500   0.1330   0.768    99.00    0.94517    0.95862   1.01423
   1.1500   0.1320   0.770   117.00    0.93438    0.94550   1.01190
   1.1500   0.1320   0.772   135.00    0.92565    0.93572   1.01088
   1.1500   0.1330   0.772   153.00    0.91877    0.92819   1.01025
   1.1500   0.1320   0.772   171.00    0.91646    0.92566   1.01004
   1.1500   0.1320   0.772   189.00    0.91646    0.92554   1.00991
   1.1500   0.1320   0.772   207.00    0.91964    0.92885   1.01001
   1.1500   0.1320   0.769   225.00    0.92573    0.93552   1.01058
   1.1500   0.1320   0.768   243.00    0.93444    0.94525   1.01157
   1.1500   0.1320   0.767   261.00    0.94583    0.95906   1.01399
   1.1500   0.1330   0.770   279.00    0.95956    0.97645   1.01761
   1.1500   0.1330   0.770   297.00    0.97676    1.00078   1.02459
   1.1500   0.1320   0.769   315.00    0.99573    1.03134   1.03577
   1.1500   0.1330   0.770   333.00    1.01419    1.06864   1.05368
   1.1500   0.1320   0.772   351.00    1.02483    1.09477   1.06825
   1.1500   0.1330   1.204     9.00    1.01807    1.04575   1.02719
   1.1500   0.1330   1.208    27.00    1.00616    1.02941   1.02311
   1.1500   0.1330   1.206    45.00    0.98752    1.00623   1.01895
   1.1500   0.1330   1.202    63.00    0.96803    0.98151   1.01393
   1.1600   0.1330   1.199    81.00    0.95073    0.96094   1.01074
   1.1500   0.1330   1.200    99.00    0.93582    0.94385   1.00858
   1.1600   0.1330   1.204   117.00    0.92482    0.93158   1.00731
   1.1500   0.1330   1.203   261.00    0.93576    0.94348   1.00824
   1.1500   0.1330   1.201   279.00    0.95043    0.96021   1.01029
   1.1500   0.1330   1.203   297.00    0.96801    0.98096   1.01338
   1.1500   0.1330   1.207   315.00    0.98750    1.00543   1.01815
   1.1500   0.1330   1.204   333.00    1.00619    1.02871   1.02238
   1.1500   0.1330   1.208   351.00    1.01805    1.04496   1.02643
   1.1600   0.1340   1.709     9.00    1.02287    1.02036   0.99755
   1.1600   0.1330   1.708    27.00    1.00479    1.00746   1.00265
   1.1600   0.1330   1.708    45.00    0.98264    0.98740   1.00484
   1.1600   0.1330   1.706    63.00    0.96133    0.96667   1.00555
   1.1600   0.1340   1.704    81.00    0.94285    0.94756   1.00499
   1.1600   0.1330   1.711   171.00    0.90088    0.90238   1.00167
   1.1600   0.1330   1.713   189.00    0.90086    0.90234   1.00165
   1.1600   0.1330   1.716   297.00    0.96123    0.96629   1.00526
   1.1500   0.1330   1.708   315.00    0.98326    0.98774   1.00455
   1.1600   0.1330   1.704   333.00    1.00476    1.00726   1.00248
   1.1500   0.1330   1.711   351.00    1.02372    1.02035   0.99671
   1.3800   0.1690   0.120    27.00    0.99925    1.09454   1.09536
   1.3700   0.1680   0.120    45.00    0.98870    1.05869   1.07079
   1.3800   0.1690   0.120    63.00    0.97678    1.02723   1.05165
   1.3800   0.1690   0.120    81.00    0.96596    1.00400   1.03938
   1.3800   0.1690   0.120    99.00    0.95672    0.98669   1.03132
   1.3700   0.1680   0.120   117.00    0.94943    0.97425   1.02613
   1.3800   0.1690   0.120   135.00    0.94385    0.96543   1.02286
   1.3800   0.1690   0.120   153.00    0.94028    0.95991   1.02087
   1.3800   0.1690   0.120   171.00    0.93854    0.95689   1.01955
   1.3800   0.1690   0.119   189.00    0.93867    0.95714   1.01967
   1.3800   0.1690   0.119   207.00    0.94041    0.96030   1.02115
   1.3800   0.1690   0.119   225.00    0.94396    0.96597   1.02331
   1.3800   0.1690   0.119   243.00    0.94941    0.97470   1.02664
   1.3800   0.1690   0.120   261.00    0.95672    0.98732   1.03199
   1.3800   0.1690   0.120   279.00    0.96596    1.00483   1.04023
   1.3800   0.1690   0.120   297.00    0.97678    1.02824   1.05268
   1.3800   0.1690   0.120   315.00    0.98843    1.05911   1.07151
   1.3800   0.1690   0.120   333.00    0.99925    1.09535   1.09617
   1.3800   0.1690   0.175    27.00    1.00859    1.13225   1.12260
   1.3800   0.1690   0.175    45.00    0.99329    1.07014   1.07737
   1.3700   0.1690   0.174    63.00    0.97758    1.02717   1.05073
   1.3800   0.1690   0.175    81.00    0.96489    1.00052   1.03693
   1.3800   0.1690   0.174    99.00    0.95391    0.98113   1.02853
   1.3800   0.1690   0.175   117.00    0.94514    0.96718   1.02331
   1.3800   0.1690   0.175   135.00    0.93868    0.95760   1.02016
   1.3800   0.1690   0.175   153.00    0.93439    0.95152   1.01834
   1.3800   0.1690   0.174   171.00    0.93234    0.94835   1.01717
   1.3800   0.1690   0.175   189.00    0.93225    0.94823   1.01715
   1.3800   0.1690   0.175   207.00    0.93439    0.95161   1.01843
   1.3800   0.1690   0.175   225.00    0.93868    0.95780   1.02037
   1.3800   0.1690   0.175   243.00    0.94514    0.96749   1.02365
   1.3800   0.1690   0.174   261.00    0.95391    0.98162   1.02905
   1.3800   0.1690   0.175   279.00    0.96489    1.00121   1.03764
   1.3800   0.1690   0.175   297.00    0.97818    1.02926   1.05223
   1.3800   0.1690   0.174   315.00    0.99322    1.07109   1.07840
   1.3800   0.1690   0.175   333.00    1.00859    1.13317   1.12351
   1.3800   0.1690   0.248    45.00    0.99684    1.07582   1.07922
   1.3800   0.1690   0.248    63.00    0.97853    1.02563   1.04813
   1.3800   0.1690   0.248    81.00    0.96313    0.99505   1.03315
   1.3800   0.1690   0.249    99.00    0.95058    0.97450   1.02516
   1.3800   0.1690   0.249   117.00    0.94077    0.96008   1.02052
   1.3800   0.1690   0.248   135.00    0.93353    0.95000   1.01765
   1.3800   0.1690   0.248   153.00    0.92859    0.94367   1.01625
   1.3800   0.1690   0.248   171.00    0.92605    0.94034   1.01543
   1.3800   0.1690   0.248   189.00    0.92605    0.94032   1.01540
   1.3800   0.1690   0.248   207.00    0.92859    0.94368   1.01625
   1.3800   0.1690   0.248   225.00    0.93353    0.95006   1.01772
   1.3800   0.1690   0.249   243.00    0.94077    0.96026   1.02071
   1.3700   0.1690   0.249   261.00    0.95005    0.97415   1.02537
   1.3800   0.1690   0.249   279.00    0.96310    0.99548   1.03362
   1.3800   0.1690   0.248   297.00    0.97853    1.02638   1.04890
   1.3800   0.1690   0.248   315.00    0.99684    1.07684   1.08025
   1.3800   0.1690   0.349    45.00    0.99852    1.07244   1.07403
   1.3800   0.1690   0.349    63.00    0.97764    1.01942   1.04274
   1.3800   0.1690   0.349    81.00    0.96052    0.98811   1.02872
   1.3800   0.1690   0.349    99.00    0.94681    0.96728   1.02162
   1.3800   0.1690   0.349   117.00    0.93611    0.95264   1.01766
   1.3800   0.1690   0.349   135.00    0.92809    0.94238   1.01540
   1.3800   0.1690   0.348   153.00    0.92260    0.93615   1.01469
   1.3800   0.1690   0.347   171.00    0.91974    0.93282   1.01423
   1.3800   0.1690   0.348   189.00    0.91968    0.93270   1.01416
   1.3800   0.1690   0.349   207.00    0.92255    0.93604   1.01462
   1.3800   0.1690   0.349   225.00    0.92809    0.94235   1.01536
   1.3800   0.1690   0.349   243.00    0.93611    0.95269   1.01771
   1.3800   0.1690   0.349   261.00    0.94681    0.96744   1.02180
   1.3800   0.1690   0.349   279.00    0.96052    0.98840   1.02902
   1.3800   0.1690   0.349   297.00    0.97764    1.01991   1.04324
   1.3800   0.1690   0.349   315.00    0.99852    1.07315   1.07475
   1.3800   0.1690   0.492    27.00    1.02326    1.16030   1.13393
   1.3800   0.1690   0.494    45.00    0.99755    1.05903   1.06164
   1.3800   0.1690   0.495    63.00    0.97521    1.00982   1.03549
   1.3800   0.1690   0.494    81.00    0.95688    0.97976   1.02391
   1.3800   0.1690   0.494    99.00    0.94222    0.95915   1.01797
   1.3800   0.1690   0.494   117.00    0.93078    0.94454   1.01479
   1.3800   0.1690   0.493   135.00    0.92221    0.93444   1.01327
   1.3800   0.1690   0.494   153.00    0.91614    0.92800   1.01295
   1.3800   0.1690   0.494   171.00    0.91287    0.92456   1.01280
   1.3800   0.1690   0.492   189.00    0.91295    0.92457   1.01273
   1.3800   0.1690   0.492   207.00    0.91622    0.92798   1.01283
   1.3800   0.1690   0.494   225.00    0.92217    0.93425   1.01310
   1.3800   0.1690   0.493   243.00    0.93081    0.94450   1.01471
   1.3800   0.1690   0.494   261.00    0.94222    0.95911   1.01793
   1.3800   0.1690   0.494   279.00    0.95688    0.97980   1.02395
   1.3800   0.1690   0.495   297.00    0.97521    1.00993   1.03560
   1.3800   0.1690   0.494   315.00    0.99755    1.05919   1.06179
   1.3800   0.1690   0.492   333.00    1.02326    1.16003   1.13366
   1.3800   0.1700   0.775     9.00    1.03347    1.16552   1.12778
   1.3800   0.1700   0.771    27.00    1.01645    1.09400   1.07629
   1.3800   0.1700   0.770    45.00    0.99250    1.03417   1.04199
   1.3800   0.1700   0.771    63.00    0.96969    0.99459   1.02568
   1.3800   0.1700   0.771    81.00    0.95039    0.96694   1.01741
   1.3800   0.1700   0.771    99.00    0.93478    0.94729   1.01338
   1.3800   0.1690   0.770   117.00    0.92320    0.93354   1.01120
   1.3800   0.1690   0.775   135.00    0.91398    0.92340   1.01030
   1.3800   0.1690   0.773   153.00    0.90769    0.91688   1.01012
   1.3800   0.1690   0.774   189.00    0.90425    0.91341   1.01014
   1.3800   0.1690   0.775   207.00    0.90764    0.91658   1.00985
   1.3800   0.1690   0.774   225.00    0.91400    0.92315   1.01001
   1.3800   0.1700   0.773   243.00    0.92259    0.93258   1.01084
   1.3800   0.1700   0.771   261.00    0.93478    0.94701   1.01308
   1.3800   0.1700   0.773   279.00    0.95035    0.96654   1.01704
   1.3800   0.1700   0.773   297.00    0.96965    0.99410   1.02522
   1.3800   0.1700   0.773   315.00    0.99244    1.03333   1.04120
   1.3800   0.1700   0.770   333.00    1.01647    1.09301   1.07530
   1.3800   0.1690   0.774   351.00    1.03286    1.15997   1.12307
   1.3800   0.1700   1.213     9.00    1.02337    1.06867   1.04427
   1.3800   0.1700   1.209    27.00    1.00832    1.04330   1.03470
   1.3800   0.1700   1.209    45.00    0.98558    1.00869   1.02345
   1.3800   0.1700   1.206    63.00    0.96272    0.97745   1.01530
   1.3800   0.1700   1.207    81.00    0.94281    0.95302   1.01083
   1.3800   0.1700   1.209    99.00    0.92669    0.93443   1.00836
   1.3800   0.1700   1.212   153.00    0.89866    0.90429   1.00627
   1.3800   0.1690   1.207   171.00    0.89612    0.90167   1.00619
   1.3800   0.1700   1.210   189.00    0.89548    0.90091   1.00606
   1.3800   0.1690   1.212   207.00    0.89923    0.90464   1.00601
   1.3800   0.1700   1.206   261.00    0.92673    0.93415   1.00801
   1.3800   0.1700   1.210   279.00    0.94276    0.95249   1.01032
   1.3800   0.1700   1.204   297.00    0.96274    0.97688   1.01469
   1.3800   0.1700   1.206   315.00    0.98562    1.00785   1.02256
   1.3800   0.1700   1.207   333.00    1.00834    1.04209   1.03347
   1.3800   0.1700   1.209   351.00    1.02340    1.06821   1.04378
   1.3800   0.1710   1.710     9.00    1.02710    1.03520   1.00789
   1.3900   0.1700   1.712    27.00    1.00613    1.01606   1.00987
   1.3800   0.1710   1.709    45.00    0.98142    0.99018   1.00893
   1.3800   0.1710   1.705    63.00    0.95656    0.96344   1.00719
   1.3800   0.1700   1.706   117.00    0.90735    0.91061   1.00359
   1.3800   0.1700   1.713   135.00    0.89822    0.90085   1.00292
   1.3800   0.1700   1.714   153.00    0.89228    0.89439   1.00237
   1.3800   0.1700   1.713   171.00    0.88934    0.89092   1.00178
   1.3800   0.1700   1.716   189.00    0.88931    0.89084   1.00172
   1.3800   0.1700   1.710   207.00    0.89232    0.89438   1.00230
   1.3800   0.1700   1.715   225.00    0.89820    0.90072   1.00280
   1.3800   0.1700   1.710   243.00    0.90731    0.91042   1.00344
   1.3800   0.1700   1.705   297.00    0.95667    0.96324   1.00687
   1.3800   0.1700   1.713   315.00    0.98121    0.98930   1.00824
   1.3800   0.1700   1.711   333.00    1.00717    1.01636   1.00913
   1.3800   0.1700   1.710   351.00    1.02606    1.03333   1.00708
   1.4800   0.2040   0.121   279.00    0.94752    0.97526   1.02927
   1.4800   0.2040   0.119   315.00    0.96538    1.00824   1.04439
   1.4800   0.2040   0.175    45.00    0.97166    1.02090   1.05068
   1.4800   0.2030   0.177    81.00    0.94806    0.97531   1.02874
   1.4800   0.2030   0.174    99.00    0.93817    0.95974   1.02299
   1.4800   0.2040   0.173   297.00    0.95908    0.99584   1.03833
   1.4800   0.2040   0.245    45.00    0.97721    1.03212   1.05619
   1.4800   0.2040   0.249    63.00    0.96133    0.99768   1.03782
   1.4800   0.2030   0.248    81.00    0.94755    0.97366   1.02755
   1.4800   0.2030   0.248    99.00    0.93574    0.95575   1.02138
   1.4800   0.2040   0.248   243.00    0.92603    0.94251   1.01780
   1.4800   0.2040   0.251   261.00    0.93516    0.95544   1.02168
   1.4800   0.2040   0.248   279.00    0.94704    0.97361   1.02806
   1.4800   0.2040   0.248   297.00    0.96131    0.99852   1.03872
   1.4800   0.2040   0.249   315.00    0.97747    1.03370   1.05752
   1.4800   0.2040   0.352    81.00    0.94593    0.96959   1.02501
   1.4800   0.2040   0.349    99.00    0.93244    0.95026   1.01911
   1.4800   0.2040   0.351   279.00    0.94594    0.97007   1.02551
   1.4800   0.2040   0.350   315.00    0.98267    1.04179   1.06017
   1.4800   0.2040   0.496    45.00    0.98660    1.04274   1.05690
   1.4800   0.2040   0.499    63.00    0.96317    0.99451   1.03253
   1.4800   0.2040   0.499    81.00    0.94404    0.96464   1.02182
   1.4800   0.2030   0.497   297.00    0.96358    0.99542   1.03305
   1.4800   0.2040   0.495   315.00    0.98659    1.04340   1.05758
   1.4800   0.2030   0.766    45.00    0.98815    1.03350   1.04589
   1.4800   0.2040   0.767   315.00    0.98797    1.03314   1.04571
   1.6100   0.1860   0.120    27.00    0.99926    1.09774   1.09855
   1.6100   0.1870   0.120    45.00    0.98765    1.05809   1.07131
   1.6100   0.1860   0.120    63.00    0.97750    1.03024   1.05394
   1.6100   0.1870   0.120    81.00    0.96628    1.00526   1.04034
   1.6100   0.1860   0.120    99.00    0.95832    0.98954   1.03258
   1.6100   0.1860   0.120   117.00    0.95128    0.97704   1.02708
   1.6000   0.1860   0.119   135.00    0.94554    0.96791   1.02365
   1.6100   0.1860   0.120   153.00    0.94268    0.96347   1.02206
   1.6100   0.1860   0.120   171.00    0.94102    0.96058   1.02078
   1.6100   0.1860   0.119   189.00    0.94116    0.96083   1.02090
   1.6100   0.1860   0.120   207.00    0.94268    0.96367   1.02227
   1.6100   0.1860   0.119   225.00    0.94619    0.96921   1.02434
   1.6100   0.1870   0.120   243.00    0.95052    0.97630   1.02712
   1.6100   0.1870   0.120   261.00    0.95752    0.98875   1.03262
   1.6100   0.1870   0.120   279.00    0.96628    1.00598   1.04109
   1.6100   0.1860   0.120   297.00    0.97750    1.03107   1.05480
   1.6100   0.1870   0.121   315.00    0.98777    1.05924   1.07236
   1.6000   0.1860   0.119   333.00    0.99810    1.09379   1.09588
   1.6100   0.1860   0.174    45.00    0.99341    1.07367   1.08079
   1.6100   0.1870   0.175    63.00    0.97784    1.02933   1.05265
   1.6100   0.1870   0.174    81.00    0.96508    1.00174   1.03799
   1.6100   0.1870   0.175    99.00    0.95450    0.98225   1.02907
   1.6100   0.1870   0.175   117.00    0.94617    0.96866   1.02377
   1.6100   0.1860   0.175   135.00    0.94071    0.96064   1.02119
   1.6100   0.1870   0.174   153.00    0.93603    0.95418   1.01939
   1.6100   0.1860   0.175   171.00    0.93459    0.95158   1.01818
   1.6100   0.1870   0.175   189.00    0.93392    0.95066   1.01792
   1.6100   0.1870   0.175   207.00    0.93593    0.95413   1.01944
   1.6100   0.1860   0.174   225.00    0.94079    0.96095   1.02143
   1.6100   0.1870   0.175   243.00    0.94617    0.96891   1.02404
   1.6100   0.1870   0.175   261.00    0.95450    0.98263   1.02947
   1.6100   0.1870   0.175   279.00    0.96506    1.00224   1.03853
   1.6100   0.1870   0.175   297.00    0.97784    1.03007   1.05342
   1.6000   0.1860   0.174   315.00    0.99265    1.07205   1.07999
   1.6100   0.1860   0.247    45.00    0.99655    1.07866   1.08239
   1.6100   0.1870   0.249    63.00    0.97792    1.02604   1.04920
   1.6100   0.1860   0.249    81.00    0.96378    0.99683   1.03429
   1.6100   0.1870   0.248    99.00    0.95111    0.97555   1.02569
   1.6100   0.1860   0.248   117.00    0.94243    0.96247   1.02126
   1.6100   0.1860   0.249   135.00    0.93539    0.95268   1.01848
   1.6100   0.1860   0.248   153.00    0.93077    0.94672   1.01713
   1.6100   0.1870   0.248   171.00    0.92773    0.94239   1.01580
   1.6100   0.1870   0.248   189.00    0.92773    0.94235   1.01576
   1.6100   0.1870   0.249   207.00    0.93003    0.94573   1.01688
   1.6100   0.1860   0.248   225.00    0.93545    0.95281   1.01856
   1.6100   0.1860   0.248   243.00    0.94243    0.96258   1.02139
   1.6100   0.1870   0.249   261.00    0.95107    0.97572   1.02592
   1.6000   0.1860   0.247   279.00    0.96327    0.99646   1.03445
   1.6100   0.1860   0.249   297.00    0.97866    1.02802   1.05043
   1.6100   0.1870   0.248   315.00    0.99575    1.07697   1.08157
   1.6100   0.1870   0.350    45.00    0.99685    1.07174   1.07513
   1.6100   0.1870   0.348    63.00    0.97667    1.01920   1.04355
   1.6100   0.1860   0.348    81.00    0.96091    0.98932   1.02957
   1.6100   0.1870   0.350    99.00    0.94713    0.96796   1.02199
   1.6100   0.1870   0.349   117.00    0.93695    0.95393   1.01812
   1.6100   0.1870   0.348   135.00    0.92936    0.94404   1.01579
   1.6100   0.1870   0.348   153.00    0.92415    0.93787   1.01485
   1.6100   0.1870   0.347   171.00    0.92149    0.93460   1.01423
   1.6100   0.1870   0.348   189.00    0.92143    0.93447   1.01415
   1.6100   0.1870   0.347   207.00    0.92420    0.93786   1.01478
   1.6100   0.1870   0.349   225.00    0.92932    0.94390   1.01569
   1.6100   0.1870   0.350   243.00    0.93691    0.95385   1.01809
   1.6100   0.1870   0.349   261.00    0.94717    0.96812   1.02212
   1.6100   0.1860   0.349   279.00    0.96088    0.98942   1.02971
   1.6100   0.1870   0.348   297.00    0.97667    1.01954   1.04389
   1.6100   0.1870   0.349   315.00    0.99685    1.07221   1.07560
   1.6100   0.1870   0.493    45.00    0.99506    1.05693   1.06217
   1.6100   0.1870   0.494    63.00    0.97377    1.00875   1.03593
   1.6100   0.1870   0.495    81.00    0.95635    0.97958   1.02429
   1.6100   0.1870   0.495    99.00    0.94245    0.95964   1.01824
   1.6100   0.1870   0.495   117.00    0.93156    0.94561   1.01508
   1.6100   0.1870   0.492   135.00    0.92348    0.93594   1.01349
   1.6100   0.1870   0.494   153.00    0.91774    0.92962   1.01295
   1.6100   0.1870   0.493   171.00    0.91476    0.92643   1.01276
   1.6100   0.1870   0.494   189.00    0.91472    0.92630   1.01266
   1.6100   0.1870   0.494   207.00    0.91774    0.92948   1.01279
   1.6100   0.1870   0.493   225.00    0.92345    0.93571   1.01328
   1.6100   0.1870   0.494   243.00    0.93159    0.94552   1.01495
   1.6100   0.1870   0.494   261.00    0.94248    0.95958   1.01815
   1.6100   0.1870   0.493   279.00    0.95640    0.97966   1.02432
   1.6100   0.1870   0.494   297.00    0.97377    1.00874   1.03592
   1.6100   0.1870   0.494   315.00    0.99504    1.05674   1.06201
   1.6100   0.1870   0.773     9.00    1.02689    1.15456   1.12433
   1.6100   0.1870   0.774    27.00    1.01071    1.08550   1.07400
   1.6100   0.1870   0.774    45.00    0.98869    1.02970   1.04148
   1.6100   0.1870   0.773    63.00    0.96785    0.99277   1.02575
   1.6100   0.1870   0.775    81.00    0.94995    0.96696   1.01791
   1.6100   0.1870   0.775    99.00    0.93540    0.94816   1.01364
   1.6100   0.1870   0.776   117.00    0.92391    0.93460   1.01158
   1.6100   0.1870   0.774   135.00    0.91532    0.92501   1.01059
   1.6100   0.1870   0.776   153.00    0.90927    0.91861   1.01027
   1.6100   0.1870   0.775   171.00    0.90610    0.91555   1.01044
   1.6100   0.1870   0.773   189.00    0.90614    0.91552   1.01034
   1.6100   0.1870   0.774   207.00    0.90932    0.91845   1.01004
   1.6100   0.1870   0.774   225.00    0.91532    0.92472   1.01027
   1.6100   0.1870   0.774   243.00    0.92395    0.93437   1.01128
   1.6100   0.1870   0.776   261.00    0.93538    0.94780   1.01327
   1.6100   0.1870   0.773   279.00    0.94999    0.96668   1.01756
   1.6100   0.1870   0.775   297.00    0.96781    0.99222   1.02522
   1.6100   0.1870   0.774   315.00    0.98869    1.02903   1.04080
   1.6100   0.1860   0.772   333.00    1.01037    1.08303   1.07191
   1.6100   0.1870   0.774   351.00    1.02684    1.15284   1.12271
   1.6100   0.1870   1.208     9.00    1.01274    1.05743   1.04413
   1.6100   0.1870   1.209    27.00    0.99997    1.03438   1.03441
   1.6100   0.1870   1.209    45.00    0.98052    1.00365   1.02359
   1.6100   0.1870   1.210    63.00    0.96036    0.97561   1.01588
   1.6100   0.1870   1.210    81.00    0.94235    0.95311   1.01141
   1.6100   0.1870   1.209    99.00    0.92748    0.93577   1.00894
   1.6100   0.1870   1.214   171.00    0.89786    0.90405   1.00689
   1.6100   0.1870   1.218   189.00    0.89781    0.90385   1.00674
   1.6100   0.1870   1.211   207.00    0.90096    0.90700   1.00670
   1.6100   0.1870   1.212   243.00    0.91568    0.92232   1.00725
   1.6100   0.1870   1.208   261.00    0.92749    0.93539   1.00852
   1.6100   0.1870   1.210   279.00    0.94235    0.95261   1.01089
   1.6100   0.1870   1.210   297.00    0.96036    0.97494   1.01518
   1.6100   0.1870   1.208   315.00    0.98053    1.00278   1.02269
   1.6100   0.1870   1.214   333.00    0.99989    1.03287   1.03298
   1.6100   0.1870   1.214   351.00    1.01263    1.05614   1.04297
   1.6100   0.1870   1.716     9.00    1.00890    1.02259   1.01357
   1.6100   0.1870   1.713    27.00    0.99554    1.00810   1.01262
   1.6100   0.1870   1.714    45.00    0.97527    0.98539   1.01037
   1.6100   0.1870   1.710    63.00    0.95437    0.96206   1.00806
   1.6100   0.1880   1.710   117.00    0.90862    0.91239   1.00415
   1.6100   0.1870   1.710   189.00    0.89185    0.89424   1.00268
   1.6100   0.1870   1.712   243.00    0.90908    0.91270   1.00399
   1.6100   0.1870   1.713   297.00    0.95434    0.96165   1.00766
   1.6100   0.1880   1.716   315.00    0.97552    0.98516   1.00988
   1.6100   0.1880   1.716   333.00    0.99620    1.00823   1.01208
   1.6100   0.1870   1.715   351.00    1.00890    1.02228   1.01326
   1.7500   0.2230   0.121     9.00    0.97605    1.02973   1.05500
   1.7400   0.2230   0.120    27.00    0.97109    1.01852   1.04884
   1.7400   0.2230   0.120    45.00    0.96409    1.00389   1.04129
   1.7500   0.2230   0.120    63.00    0.95639    0.98895   1.03405
   1.7400   0.2230   0.120    81.00    0.94788    0.97394   1.02749
   1.7400   0.2230   0.120    99.00    0.94084    0.96244   1.02296
   1.7500   0.2230   0.120   117.00    0.93566    0.95437   1.02000
   1.7400   0.2230   0.119   135.00    0.93129    0.94780   1.01773
   1.7500   0.2230   0.120   153.00    0.92909    0.94446   1.01654
   1.7500   0.2230   0.120   171.00    0.92793    0.94276   1.01598
   1.7400   0.2230   0.120   189.00    0.92752    0.94242   1.01607
   1.7500   0.2230   0.120   207.00    0.92909    0.94495   1.01707
   1.7400   0.2230   0.120   225.00    0.93117    0.94834   1.01844
   1.7400   0.2230   0.120   243.00    0.93521    0.95453   1.02066
   1.7400   0.2230   0.120   261.00    0.94084    0.96329   1.02387
   1.7500   0.2230   0.120   279.00    0.94835    0.97557   1.02870
   1.7400   0.2230   0.120   297.00    0.95591    0.98913   1.03475
   1.7400   0.2230   0.120   315.00    0.96409    1.00486   1.04229
   1.7500   0.2230   0.120   333.00    0.97162    1.02036   1.05017
   1.7500   0.2230   0.120   351.00    0.97579    1.02934   1.05487
   1.7500   0.2230   0.175     9.00    0.98825    1.06502   1.07768
   1.7500   0.2230   0.175    27.00    0.98148    1.04537   1.06510
   1.7400   0.2230   0.175    45.00    0.97031    1.01780   1.04894
   1.7400   0.2230   0.175    63.00    0.95869    0.99384   1.03667
   1.7500   0.2230   0.175    81.00    0.94830    0.97514   1.02830
   1.7400   0.2230   0.174    99.00    0.93864    0.95974   1.02247
   1.7400   0.2230   0.175   117.00    0.93128    0.94870   1.01871
   1.7400   0.2230   0.175   135.00    0.92597    0.94111   1.01636
   1.7500   0.2230   0.175   153.00    0.92302    0.93691   1.01505
   1.7500   0.2230   0.175   171.00    0.92143    0.93454   1.01423
   1.7400   0.2230   0.174   189.00    0.92112    0.93427   1.01427
   1.7400   0.2230   0.175   207.00    0.92261    0.93668   1.01525
   1.7500   0.2230   0.175   225.00    0.92639    0.94202   1.01687
   1.7400   0.2230   0.175   243.00    0.93128    0.94915   1.01918
   1.7400   0.2230   0.175   261.00    0.93860    0.96023   1.02304
   1.7400   0.2230   0.174   279.00    0.94786    0.97519   1.02884
   1.7400   0.2230   0.175   297.00    0.95869    0.99466   1.03751
   1.7400   0.2230   0.175   315.00    0.97031    1.01865   1.04982
   1.7400   0.2230   0.175   333.00    0.98094    1.04459   1.06489
   1.7400   0.2230   0.175   351.00    0.98766    1.06342   1.07671
   1.7500   0.2230   0.248     9.00    1.00204    1.11848   1.11620
   1.7500   0.2240   0.249    27.00    0.99083    1.07336   1.08329
   1.7500   0.2230   0.249    45.00    0.97643    1.03056   1.05544
   1.7400   0.2230   0.248    63.00    0.96073    0.99658   1.03731
   1.7400   0.2230   0.248    81.00    0.94729    0.97299   1.02713
   1.7400   0.2230   0.249    99.00    0.93612    0.95584   1.02107
   1.7500   0.2230   0.248   117.00    0.92784    0.94391   1.01732
   1.7400   0.2230   0.249   135.00    0.92100    0.93489   1.01508
   1.7500   0.2230   0.249   153.00    0.91728    0.93018   1.01406
   1.7400   0.2230   0.248   171.00    0.91496    0.92695   1.01310
   1.7400   0.2230   0.249   189.00    0.91489    0.92690   1.01313
   1.7400   0.2230   0.248   207.00    0.91694    0.92994   1.01417
   1.7500   0.2230   0.249   225.00    0.92141    0.93559   1.01539
   1.7500   0.2230   0.249   243.00    0.92779    0.94411   1.01759
   1.7400   0.2230   0.249   261.00    0.93612    0.95623   1.02148
   1.7400   0.2230   0.248   279.00    0.94729    0.97354   1.02771
   1.7500   0.2230   0.249   297.00    0.96117    0.99798   1.03830
   1.7400   0.2230   0.248   315.00    0.97592    1.03030   1.05572
   1.7400   0.2230   0.249   333.00    0.99111    1.07474   1.08438
   1.7500   0.2230   0.248   351.00    1.00204    1.11854   1.11627
   1.7400   0.2230   0.349    27.00    1.00127    1.10772   1.10632
   1.7400   0.2230   0.350    45.00    0.98085    1.03766   1.05791
   1.7400   0.2230   0.349    63.00    0.96197    0.99636   1.03575
   1.7500   0.2230   0.350    81.00    0.94645    0.97006   1.02495
   1.7500   0.2230   0.350    99.00    0.93364    0.95141   1.01903
   1.7500   0.2230   0.349   117.00    0.92372    0.93814   1.01560
   1.7400   0.2230   0.348   135.00    0.91607    0.92862   1.01370
   1.7400   0.2230   0.348   153.00    0.91124    0.92300   1.01290
   1.7500   0.2240   0.349   171.00    0.90875    0.91982   1.01219
   1.7500   0.2230   0.348   189.00    0.90923    0.92036   1.01225
   1.7400   0.2230   0.349   207.00    0.91120    0.92299   1.01295
   1.7500   0.2230   0.350   225.00    0.91638    0.92904   1.01381
   1.7500   0.2230   0.350   243.00    0.92369    0.93822   1.01574
   1.7400   0.2230   0.349   261.00    0.93328    0.95123   1.01923
   1.7400   0.2230   0.349   279.00    0.94609    0.97000   1.02527
   1.7500   0.2230   0.349   297.00    0.96232    0.99743   1.03648
   1.7500   0.2230   0.349   315.00    0.98118    1.03909   1.05902
   1.7400   0.2230   0.349   333.00    1.00127    1.10825   1.10685
   1.7500   0.2240   0.495    27.00    1.00982    1.13248   1.12147
   1.7400   0.2230   0.496    45.00    0.98424    1.03925   1.05589
   1.7400   0.2230   0.496    63.00    0.96208    0.99308   1.03222
   1.7500   0.2230   0.496    81.00    0.94437    0.96498   1.02182
   1.7500   0.2230   0.497    99.00    0.93010    0.94533   1.01638
   1.7400   0.2230   0.497   117.00    0.91869    0.93121   1.01363
   1.7400   0.2240   0.494   135.00    0.91021    0.92122   1.01210
   1.7400   0.2230   0.495   153.00    0.90508    0.91561   1.01163
   1.7500   0.2240   0.492   171.00    0.90226    0.91266   1.01152
   1.7500   0.2230   0.494   189.00    0.90261    0.91300   1.01151
   1.7500   0.2230   0.493   207.00    0.90554    0.91606   1.01161
   1.7400   0.2230   0.494   225.00    0.91064    0.92165   1.01209
   1.7500   0.2230   0.496   243.00    0.91910    0.93166   1.01368
   1.7400   0.2230   0.498   261.00    0.92972    0.94496   1.01639
   1.7400   0.2230   0.497   279.00    0.94404    0.96471   1.02189
   1.7400   0.2230   0.496   297.00    0.96208    0.99335   1.03250
   1.7400   0.2230   0.495   315.00    0.98423    1.03966   1.05632
   1.7400   0.2230   0.495   333.00    1.01005    1.13318   1.12191
   1.7500   0.2240   0.775    27.00    1.01269    1.11210   1.09817
   1.7400   0.2240   0.776    45.00    0.98444    1.02857   1.04483
   1.7500   0.2240   0.777    63.00    0.95998    0.98436   1.02540
   1.7500   0.2240   0.776    81.00    0.94007    0.95605   1.01700
   1.7400   0.2240   0.777    99.00    0.92402    0.93582   1.01277
   1.7400   0.2240   0.776   117.00    0.91188    0.92173   1.01080
   1.7500   0.2240   0.778   135.00    0.90318    0.91225   1.01004
   1.7500   0.2240   0.778   153.00    0.89696    0.90608   1.01017
   1.7500   0.2240   0.778   171.00    0.89359    0.90312   1.01067
   1.7500   0.2230   0.777   189.00    0.89404    0.90350   1.01058
   1.7500   0.2240   0.778   207.00    0.89696    0.90594   1.01002
   1.7500   0.2240   0.777   225.00    0.90321    0.91208   1.00983
   1.7500   0.2240   0.775   243.00    0.91224    0.92192   1.01061
   1.7400   0.2240   0.777   261.00    0.92402    0.93561   1.01254
   1.7400   0.2240   0.777   279.00    0.93982    0.95554   1.01673
   1.7500   0.2240   0.777   297.00    0.95998    0.98411   1.02514
   1.7400   0.2240   0.776   315.00    0.98444    1.02822   1.04447
   1.7500   0.2240   0.777   333.00    1.01267    1.11080   1.09690
   1.7500   0.2240   1.215     9.00    1.02510    1.10894   1.08179
   1.7500   0.2240   1.215    27.00    1.00677    1.05859   1.05147
   1.7500   0.2240   1.215    45.00    0.98067    1.00877   1.02865
   1.7500   0.2240   1.212    63.00    0.95576    0.97201   1.01700
   1.7500   0.2240   1.212    81.00    0.93477    0.94539   1.01136
   1.7500   0.2240   1.211    99.00    0.91808    0.92601   1.00865
   1.7500   0.2240   1.214   117.00    0.90519    0.91194   1.00746
   1.7500   0.2240   1.217   135.00    0.89565    0.90212   1.00723
   1.7500   0.2240   1.217   153.00    0.88918    0.89591   1.00756
   1.7500   0.2240   1.218   171.00    0.88578    0.89284   1.00797
   1.7500   0.2240   1.219   189.00    0.88576    0.89272   1.00785
   1.7500   0.2240   1.216   207.00    0.88920    0.89570   1.00731
   1.7500   0.2240   1.213   225.00    0.89571    0.90190   1.00692
   1.7500   0.2240   1.214   243.00    0.90519    0.91159   1.00708
   1.7500   0.2240   1.213   261.00    0.91805    0.92558   1.00820
   1.7500   0.2240   1.213   279.00    0.93476    0.94487   1.01082
   1.7500   0.2240   1.214   297.00    0.95574    0.97127   1.01626
   1.7500   0.2240   1.215   315.00    0.98067    1.00773   1.02759
   1.7500   0.2240   1.215   333.00    1.00677    1.05697   1.04987
   1.7500   0.2240   1.218   351.00    1.02505    1.10696   1.07991
   1.7500   0.2240   1.719     9.00    1.02183    1.05035   1.02791
   1.7500   0.2240   1.718    27.00    1.00364    1.02556   1.02184
   1.7500   0.2250   1.716    45.00    0.97728    0.99119   1.01423
   1.7500   0.2250   1.716    63.00    0.95128    0.95983   1.00899
   1.7500   0.2240   1.711    81.00    0.92975    0.93539   1.00606
   1.7500   0.2240   1.711    99.00    0.91260    0.91674   1.00453
   1.7500   0.2240   1.712   117.00    0.89949    0.90300   1.00391
   1.7500   0.2240   1.714   135.00    0.88992    0.89318   1.00366
   1.7500   0.2240   1.714   153.00    0.88361    0.88677   1.00357
   1.7500   0.2240   1.715   171.00    0.88041    0.88346   1.00347
   1.7500   0.2240   1.719   189.00    0.88037    0.88332   1.00335
   1.7500   0.2240   1.716   207.00    0.88359    0.88657   1.00338
   1.7500   0.2240   1.715   225.00    0.88991    0.89297   1.00344
   1.7500   0.2240   1.714   243.00    0.89947    0.90275   1.00365
   1.7500   0.2240   1.710   261.00    0.91261    0.91649   1.00426
   1.7500   0.2250   1.712   297.00    0.95131    0.95941   1.00852
   1.7500   0.2250   1.718   315.00    0.97727    0.99032   1.01335
   1.7500   0.2240   1.716   333.00    1.00364    1.02445   1.02073
   1.7500   0.2240   1.717   351.00    1.02182    1.04965   1.02724
   1.8700   0.2690   0.121     9.00    0.94695    0.97313   1.02765
   1.8700   0.2700   0.121    27.00    0.94376    0.96726   1.02491
   1.8700   0.2700   0.121    45.00    0.93931    0.95957   1.02157
   1.8700   0.2690   0.121    63.00    0.93445    0.95172   1.01849
   1.8700   0.2690   0.121    81.00    0.92904    0.94342   1.01548
   1.8700   0.2690   0.121    99.00    0.92436    0.93662   1.01326
   1.8700   0.2700   0.121   243.00    0.92050    0.93317   1.01376
   1.8700   0.2700   0.121   261.00    0.92397    0.93778   1.01494
   1.8700   0.2690   0.121   279.00    0.92904    0.94518   1.01738
   1.8700   0.2700   0.121   297.00    0.93394    0.95268   1.02006
   1.8700   0.2700   0.121   315.00    0.93931    0.96125   1.02335
   1.8700   0.2700   0.122   333.00    0.94399    0.96896   1.02644
   1.8700   0.2690   0.121   351.00    0.94695    0.97360   1.02814
   1.8700   0.2710   0.174     9.00    0.95763    0.99411   1.03808
   1.8700   0.2710   0.174    27.00    0.95333    0.98633   1.03461
   1.8700   0.2710   0.175    45.00    0.94615    0.97404   1.02949
   1.8700   0.2710   0.175    63.00    0.93754    0.96016   1.02413
   1.8700   0.2710   0.175    81.00    0.92913    0.94733   1.01959
   1.8700   0.2700   0.175    99.00    0.92221    0.93725   1.01631
   1.8700   0.2700   0.175   117.00    0.91648    0.92928   1.01397
   1.8700   0.2710   0.175   243.00    0.91614    0.92960   1.01470
   1.8700   0.2710   0.175   261.00    0.92183    0.93752   1.01702
   1.8700   0.2710   0.175   279.00    0.92913    0.94818   1.02051
   1.8700   0.2710   0.176   297.00    0.93760    0.96123   1.02520
   1.8700   0.2710   0.174   315.00    0.94603    0.97478   1.03039
   1.8700   0.2710   0.175   333.00    0.95349    0.98741   1.03557
   1.8700   0.2710   0.175   351.00    0.95783    0.99479   1.03859
   1.8700   0.2710   0.249     9.00    0.97071    1.02386   1.05476
   1.8700   0.2710   0.248    27.00    0.96386    1.00874   1.04657
   1.8700   0.2710   0.248    45.00    0.95302    0.98745   1.03613
   1.8700   0.2710   0.249    63.00    0.94103    0.96685   1.02745
   1.8700   0.2700   0.249    81.00    0.93010    0.94994   1.02134
   1.8700   0.2710   0.248    99.00    0.92009    0.93573   1.01700
   1.8700   0.2710   0.249   117.00    0.91255    0.92556   1.01425
   1.8700   0.2700   0.249   153.00    0.90441    0.91478   1.01147
   1.8700   0.2700   0.250   189.00    0.90296    0.91300   1.01112
   1.8700   0.2700   0.249   207.00    0.90441    0.91515   1.01188
   1.8700   0.2710   0.249   225.00    0.90727    0.91905   1.01299
   1.8700   0.2710   0.248   243.00    0.91259    0.92606   1.01475
   1.8700   0.2700   0.250   261.00    0.92041    0.93663   1.01762
   1.8700   0.2700   0.249   279.00    0.93010    0.95055   1.02199
   1.8700   0.2710   0.249   297.00    0.94103    0.96761   1.02825
   1.8700   0.2710   0.249   315.00    0.95311    0.98843   1.03706
   1.8700   0.2710   0.249   333.00    0.96398    1.00966   1.04738
   1.8700   0.2710   0.249   351.00    0.97071    1.02407   1.05497
   1.8700   0.2710   0.349     9.00    0.98557    1.06721   1.08283
   1.8700   0.2710   0.349    27.00    0.97541    1.03611   1.06222
   1.8700   0.2710   0.350    45.00    0.96009    1.00025   1.04183
   1.8700   0.2710   0.349    63.00    0.94409    0.97127   1.02879
   1.8700   0.2710   0.349    81.00    0.92988    0.94953   1.02113
   1.8700   0.2710   0.349    99.00    0.91814    0.93334   1.01656
   1.8700   0.2710   0.349   117.00    0.90904    0.92154   1.01375
   1.8700   0.2700   0.349   153.00    0.89881    0.90885   1.01118
   1.8700   0.2710   0.348   171.00    0.89676    0.90634   1.01068
   1.8700   0.2710   0.349   189.00    0.89671    0.90638   1.01079
   1.8700   0.2710   0.349   207.00    0.89852    0.90878   1.01141
   1.8700   0.2700   0.349   243.00    0.90936    0.92218   1.01409
   1.8700   0.2710   0.349   261.00    0.91814    0.93370   1.01695
   1.8700   0.2710   0.349   279.00    0.92988    0.95001   1.02164
   1.8700   0.2710   0.349   297.00    0.94409    0.97192   1.02947
   1.8700   0.2710   0.349   315.00    0.96003    1.00093   1.04261
   1.8700   0.2710   0.350   333.00    0.97551    1.03700   1.06303
   1.8700   0.2700   0.349   351.00    0.98622    1.06926   1.08420
   1.8700   0.2710   0.496     9.00    1.00428    1.14668   1.14179
   1.8700   0.2710   0.497    27.00    0.98879    1.07127   1.08342
   1.8700   0.2710   0.498    45.00    0.96728    1.01149   1.04570
   1.8700   0.2710   0.497    63.00    0.94683    0.97358   1.02825
   1.8700   0.2710   0.498    81.00    0.92959    0.94791   1.01970
   1.8700   0.2710   0.498    99.00    0.91576    0.92967   1.01519
   1.8700   0.2710   0.497   135.00    0.89749    0.90770   1.01138
   1.8700   0.2710   0.495   153.00    0.89259    0.90238   1.01096
   1.8700   0.2710   0.493   171.00    0.89026    0.89994   1.01087
   1.8700   0.2710   0.493   189.00    0.89026    0.90000   1.01094
   1.8700   0.2710   0.495   207.00    0.89259    0.90251   1.01111
   1.8700   0.2710   0.497   225.00    0.89749    0.90782   1.01152
   1.8700   0.2710   0.500   261.00    0.91573    0.92981   1.01538
   1.8700   0.2710   0.498   279.00    0.92959    0.94820   1.02002
   1.8700   0.2710   0.497   297.00    0.94683    0.97404   1.02874
   1.8700   0.2710   0.496   315.00    0.96720    1.01203   1.04636
   1.8700   0.2710   0.497   333.00    0.98879    1.07186   1.08401
   1.8700   0.2710   0.496   351.00    1.00428    1.14652   1.14163
   1.8700   0.2710   0.777    27.00    1.00434    1.10736   1.10257
   1.8700   0.2710   0.779    45.00    0.97473    1.01827   1.04467
   1.8700   0.2710   0.783    63.00    0.94904    0.97264   1.02487
   1.8700   0.2710   0.781    81.00    0.92831    0.94366   1.01654
   1.8700   0.2710   0.783    99.00    0.91213    0.92353   1.01250
   1.8700   0.2710   0.781   117.00    0.89985    0.90952   1.01074
   1.8700   0.2710   0.780   135.00    0.89089    0.89996   1.01018
   1.8700   0.2710   0.778   153.00    0.88482    0.89420   1.01060
   1.8700   0.2710   0.779   171.00    0.88151    0.89158   1.01143
   1.8700   0.2710   0.778   189.00    0.88153    0.89162   1.01144
   1.8700   0.2710   0.779   207.00    0.88480    0.89418   1.01060
   1.8700   0.2710   0.777   225.00    0.89095    0.89998   1.01013
   1.8700   0.2710   0.779   243.00    0.89988    0.90948   1.01066
   1.8700   0.2710   0.781   261.00    0.91215    0.92348   1.01242
   1.8700   0.2710   0.784   279.00    0.92829    0.94355   1.01644
   1.8700   0.2710   0.782   297.00    0.94903    0.97264   1.02488
   1.8700   0.2710   0.781   315.00    0.97476    1.01835   1.04472
   1.8700   0.2710   0.780   333.00    1.00444    1.10733   1.10244
   1.8700   0.2720   1.220     9.00    1.03209    1.22025   1.18231
   1.8700   0.2710   1.215    27.00    1.01010    1.08896   1.07807
   1.8700   0.2720   1.218    45.00    0.97794    1.01207   1.03490
   1.8700   0.2720   1.215    63.00    0.94896    0.96667   1.01866
   1.8700   0.2720   1.217    81.00    0.92566    0.93665   1.01188
   1.8700   0.2720   1.213    99.00    0.90768    0.91586   1.00901
   1.8700   0.2710   1.214   117.00    0.89436    0.90144   1.00792
   1.8700   0.2720   1.216   135.00    0.88415    0.89132   1.00811
   1.8700   0.2710   1.216   153.00    0.87760    0.88569   1.00922
   1.8700   0.2710   1.219   171.00    0.87385    0.88307   1.01056
   1.8700   0.2710   1.221   189.00    0.87382    0.88300   1.01050
   1.8700   0.2720   1.217   207.00    0.87732    0.88531   1.00911
   1.8700   0.2710   1.218   225.00    0.88439    0.89130   1.00781
   1.8700   0.2710   1.215   243.00    0.89435    0.90113   1.00758
   1.8700   0.2720   1.217   261.00    0.90765    0.91544   1.00859
   1.8700   0.2720   1.217   279.00    0.92566    0.93622   1.01141
   1.8700   0.2720   1.215   297.00    0.94896    0.96608   1.01804
   1.8700   0.2710   1.215   315.00    0.97800    1.01117   1.03392
   1.8700   0.2710   1.218   333.00    1.01010    1.08710   1.07623
   1.8700   0.2720   1.218   351.00    1.03210    1.21836   1.18047
   1.8700   0.2720   1.723     9.00    1.03256    1.10639   1.07150
   1.8700   0.2720   1.717    27.00    1.01082    1.05431   1.04302
   1.8700   0.2720   1.720    45.00    0.97811    0.99841   1.02075
   1.8700   0.2720   1.717    81.00    0.92284    0.92874   1.00640
   1.8700   0.2720   1.718    99.00    0.90388    0.90806   1.00462
   1.8700   0.2720   1.716   117.00    0.88969    0.89342   1.00420
   1.8700   0.2720   1.718   135.00    0.87940    0.88336   1.00451
   1.8700   0.2720   1.721   153.00    0.87250    0.87716   1.00535
   1.8700   0.2720   1.722   171.00    0.86892    0.87437   1.00627
   1.8700   0.2720   1.726   189.00    0.86890    0.87421   1.00612
   1.8800   0.2730   1.724   207.00    0.87248    0.87696   1.00513
   1.8700   0.2720   1.718   225.00    0.87940    0.88312   1.00423
   1.8700   0.2720   1.716   243.00    0.88969    0.89314   1.00388
   1.8700   0.2720   1.712   261.00    0.90392    0.90782   1.00431
   1.8700   0.2720   1.715   279.00    0.92285    0.92834   1.00595
   1.8700   0.2730   1.721   315.00    0.97815    0.99747   1.01975
   1.8700   0.2720   1.717   333.00    1.01082    1.05229   1.04103
   1.8700   0.2720   1.721   351.00    1.03254    1.10485   1.07003
   1.9500   0.3110   0.133    27.00    0.90013    0.90880   1.00964
   1.9500   0.3130   0.175     9.00    0.93641    0.95843   1.02352
   1.9500   0.3130   0.175    27.00    0.93329    0.95301   1.02113
   1.9500   0.3130   0.176    45.00    0.92805    0.94472   1.01797
   1.9500   0.3120   0.176    63.00    0.92199    0.93572   1.01489
   1.9500   0.3130   0.176   297.00    0.92158    0.93657   1.01626
   1.9500   0.3130   0.176   315.00    0.92805    0.94620   1.01956
   1.9600   0.3130   0.176   333.00    0.93368    0.95476   1.02257
   1.9500   0.3130   0.174   351.00    0.93620    0.95855   1.02387
   1.9500   0.3130   0.249     9.00    0.94947    0.98239   1.03467
   1.9500   0.3130   0.249    27.00    0.94441    0.97384   1.03116
   1.9500   0.3130   0.250    45.00    0.93600    0.96044   1.02611
   1.9500   0.3130   0.248    63.00    0.92603    0.94538   1.02091
   1.9500   0.3130   0.248    81.00    0.91658    0.93199   1.01681
   1.9500   0.3130   0.249   297.00    0.92608    0.94632   1.02186
   1.9500   0.3120   0.248   315.00    0.93624    0.96162   1.02711
   1.9500   0.3130   0.248   333.00    0.94428    0.97432   1.03181
   1.9500   0.3130   0.250   351.00    0.94963    0.98298   1.03512
   1.9500   0.3140   0.348     9.00    0.96309    1.01189   1.05067
   1.9500   0.3130   0.349    27.00    0.95611    0.99732   1.04310
   1.9500   0.3130   0.350    45.00    0.94386    0.97467   1.03264
   1.9500   0.3120   0.347    63.00    0.93051    0.95317   1.02436
   1.9600   0.3130   0.349   153.00    0.89053    0.89954   1.01012
   1.9500   0.3120   0.349   189.00    0.88933    0.89825   1.01003
   1.9500   0.3120   0.349   225.00    0.89367    0.90396   1.01152
   1.9600   0.3130   0.350   243.00    0.89920    0.91086   1.01297
   1.9500   0.3130   0.351   279.00    0.91768    0.93532   1.01923
   1.9500   0.3130   0.351   297.00    0.93030    0.95361   1.02506
   1.9500   0.3130   0.347   315.00    0.94365    0.97508   1.03330
   1.9500   0.3130   0.349   333.00    0.95611    0.99796   1.04376
   1.9500   0.3130   0.350   351.00    0.96385    1.01376   1.05178
   1.9500   0.3130   0.495     9.00    0.98180    1.06468   1.08441
   1.9600   0.3130   0.498    27.00    0.97071    1.02956   1.06062
   1.9600   0.3130   0.496    45.00    0.95281    0.98944   1.03844
   1.9600   0.3130   0.495    63.00    0.93463    0.95862   1.02567
   1.9500   0.3130   0.497   135.00    0.88857    0.89845   1.01112
   1.9500   0.3130   0.493   153.00    0.88448    0.89380   1.01054
   1.9500   0.3130   0.494   171.00    0.88267    0.89183   1.01038
   1.9500   0.3130   0.494   189.00    0.88267    0.89197   1.01054
   1.9500   0.3130   0.499   225.00    0.88851    0.89865   1.01141
   1.9500   0.3130   0.495   243.00    0.89562    0.90694   1.01264
   1.9500   0.3130   0.497   279.00    0.91853    0.93604   1.01906
   1.9500   0.3130   0.496   297.00    0.93449    0.95903   1.02626
   1.9500   0.3130   0.495   315.00    0.95261    0.98993   1.03917
   1.9500   0.3130   0.494   333.00    0.97022    1.02916   1.06075
   1.9500   0.3130   0.496   351.00    0.98192    1.06518   1.08479
   1.9500   0.3130   0.780    27.00    0.99154    1.08036   1.08958
   1.9500   0.3130   0.783    45.00    0.96450    1.00570   1.04271
   1.9500   0.3130   0.789    63.00    0.93964    0.96274   1.02458
   1.9500   0.3130   0.787    81.00    0.91916    0.93447   1.01666
   1.9500   0.3130   0.783   117.00    0.89111    0.90105   1.01116
   1.9500   0.3130   0.776   135.00    0.88251    0.89196   1.01071
   1.9500   0.3130   0.779   153.00    0.87672    0.88657   1.01123
   1.9500   0.3130   0.778   171.00    0.87381    0.88442   1.01215
   1.9500   0.3120   0.778   189.00    0.87400    0.88468   1.01222
   1.9500   0.3130   0.782   207.00    0.87666    0.88665   1.01140
   1.9500   0.3130   0.785   225.00    0.88236    0.89186   1.01077
   1.9500   0.3130   0.783   243.00    0.89111    0.90107   1.01118
   1.9500   0.3130   0.789   297.00    0.93964    0.96289   1.02474
   1.9500   0.3140   0.784   315.00    0.96428    1.00576   1.04303
   1.9500   0.3130   0.788   333.00    0.99202    1.08180   1.09050
   1.9500   0.3130   1.217    27.00    1.00790    1.10477   1.09611
   1.9500   0.3130   1.216    45.00    0.97366    1.01185   1.03923
   1.9500   0.3130   1.219    63.00    0.94319    0.96230   1.02026
   1.9500   0.3140   1.216    99.00    0.90038    0.90927   1.00987
   1.9500   0.3130   1.217   117.00    0.88676    0.89462   1.00886
   1.9500   0.3130   1.221   135.00    0.87667    0.88485   1.00933
   1.9500   0.3130   1.223   153.00    0.86970    0.87933   1.01107
   1.9600   0.3130   1.221   171.00    0.86604    0.87741   1.01313
   1.9600   0.3130   1.223   189.00    0.86602    0.87742   1.01316
   1.9500   0.3130   1.223   225.00    0.87665    0.88468   1.00916
   1.9500   0.3130   1.219   243.00    0.88674    0.89436   1.00859
   1.9600   0.3140   1.222   261.00    0.90050    0.90904   1.00948
   1.9500   0.3130   1.220   297.00    0.94319    0.96184   1.01977
   1.9500   0.3130   1.220   315.00    0.97371    1.01124   1.03854
   1.9500   0.3130   1.216   333.00    1.00788    1.10373   1.09510
   1.9500   0.3130   1.731    27.00    1.01358    1.08132   1.06684
   1.9600   0.3130   1.707    81.00    0.91830    0.92527   1.00759
   1.9500   0.3130   1.720    99.00    0.89827    0.90313   1.00542
   1.9500   0.3140   1.725   117.00    0.88330    0.88781   1.00511
   1.9500   0.3130   1.721   261.00    0.89826    0.90276   1.00500
   1.9500   0.3140   1.725   279.00    0.91807    0.92437   1.00687
   1.9500   0.3140   1.718   333.00    1.01355    1.08072   1.06627
   2.1000   0.2380   0.120    27.00    0.98069    1.04215   1.06268
   2.1000   0.2380   0.120    63.00    0.96540    1.00630   1.04236
   2.1000   0.2380   0.119    81.00    0.95753    0.99059   1.03453
   2.0900   0.2380   0.120    99.00    0.95003    0.97686   1.02825
   2.1000   0.2390   0.120   117.00    0.94451    0.96749   1.02434
   2.1000   0.2380   0.120   135.00    0.94118    0.96212   1.02225
   2.1000   0.2380   0.120   189.00    0.93741    0.95618   1.02002
   2.1000   0.2380   0.120   207.00    0.93863    0.95852   1.02119
   2.1000   0.2380   0.120   243.00    0.94518    0.96936   1.02559
   2.1000   0.2380   0.120   261.00    0.95066    0.97886   1.02966
   2.1000   0.2380   0.121   279.00    0.95752    0.99154   1.03553
   2.1000   0.2380   0.119   297.00    0.96534    1.00710   1.04326
   2.1000   0.2380   0.120   333.00    0.98069    1.04269   1.06323
   2.1000   0.2380   0.174    45.00    0.97970    1.04062   1.06218
   2.1000   0.2390   0.175    63.00    0.96690    1.00974   1.04430
   2.1100   0.2380   0.174    81.00    0.95750    0.99074   1.03471
   2.1000   0.2380   0.175    99.00    0.94773    0.97330   1.02697
   2.1000   0.2380   0.174   117.00    0.94062    0.96182   1.02254
   2.0900   0.2370   0.173   135.00    0.93552    0.95426   1.02003
   2.1000   0.2380   0.175   153.00    0.93191    0.94893   1.01827
   2.1000   0.2390   0.175   171.00    0.92970    0.94532   1.01680
   2.1000   0.2380   0.174   189.00    0.93037    0.94631   1.01713
   2.0900   0.2380   0.174   225.00    0.93482    0.95361   1.02009
   2.1000   0.2380   0.175   243.00    0.94055    0.96208   1.02289
   2.1100   0.2380   0.174   261.00    0.94839    0.97480   1.02785
   2.1100   0.2380   0.176   279.00    0.95747    0.99119   1.03522
   2.1000   0.2380   0.175   297.00    0.96773    1.01205   1.04579
   2.1100   0.2390   0.177   315.00    0.97975    1.04131   1.06283
   2.1000   0.2380   0.249    45.00    0.98458    1.05221   1.06869
   2.1000   0.2380   0.249    63.00    0.96879    1.01199   1.04459
   2.1000   0.2380   0.248    81.00    0.95542    0.98582   1.03182
   2.1000   0.2380   0.248    99.00    0.94457    0.96771   1.02450
   2.1000   0.2370   0.250   117.00    0.93663    0.95560   1.02025
   2.1000   0.2380   0.248   135.00    0.92992    0.94609   1.01738
   2.1000   0.2380   0.249   153.00    0.92580    0.94050   1.01588
   2.1000   0.2390   0.249   171.00    0.92323    0.93685   1.01475
   2.1000   0.2380   0.249   207.00    0.92580    0.94054   1.01592
   2.1000   0.2380   0.249   225.00    0.92986    0.94608   1.01745
   2.1000   0.2380   0.249   243.00    0.93606    0.95499   1.02022
   2.1100   0.2380   0.249   261.00    0.94508    0.96871   1.02500
   2.1000   0.2380   0.249   279.00    0.95540    0.98611   1.03214
   2.1000   0.2380   0.250   297.00    0.96879    1.01239   1.04501
   2.1000   0.2380   0.250   315.00    0.98462    1.05264   1.06908
   2.1000   0.2380   0.349    45.00    0.98740    1.05559   1.06906
   2.0900   0.2380   0.350    63.00    0.96799    1.00737   1.04068
   2.1000   0.2380   0.350    81.00    0.95312    0.97987   1.02807
   2.1000   0.2380   0.350    99.00    0.94089    0.96110   1.02148
   2.1000   0.2380   0.350   117.00    0.93144    0.94779   1.01755
   2.1000   0.2380   0.349   135.00    0.92451    0.93849   1.01512
   2.1000   0.2380   0.347   153.00    0.91996    0.93302   1.01419
   2.1000   0.2380   0.350   171.00    0.91747    0.92992   1.01357
   2.1000   0.2380   0.348   189.00    0.91758    0.93001   1.01355
   2.1000   0.2380   0.349   207.00    0.91986    0.93287   1.01414
   2.1000   0.2380   0.350   225.00    0.92446    0.93838   1.01505
   2.1000   0.2380   0.350   243.00    0.93144    0.94779   1.01756
   2.1000   0.2380   0.350   261.00    0.94089    0.96121   1.02159
   2.1000   0.2380   0.348   279.00    0.95317    0.98014   1.02830
   2.1000   0.2380   0.349   297.00    0.96847    1.00854   1.04137
   2.1000   0.2380   0.350   315.00    0.98741    1.05571   1.06917
   2.1000   0.2380   0.493    45.00    0.98745    1.04843   1.06175
   2.1000   0.2380   0.497    63.00    0.96648    1.00064   1.03534
   2.1000   0.2380   0.499    81.00    0.94973    0.97231   1.02378
   2.1000   0.2380   0.497    99.00    0.93655    0.95345   1.01804
   2.1000   0.2380   0.496   117.00    0.92633    0.94014   1.01491
   2.1000   0.2380   0.495   135.00    0.91875    0.93086   1.01318
   2.1000   0.2380   0.495   153.00    0.91358    0.92522   1.01274
   2.1000   0.2380   0.494   171.00    0.91095    0.92230   1.01246
   2.1000   0.2380   0.495   189.00    0.91092    0.92220   1.01238
   2.1000   0.2380   0.496   207.00    0.91354    0.92509   1.01264
   2.1000   0.2380   0.495   225.00    0.91875    0.93071   1.01302
   2.1000   0.2380   0.496   243.00    0.92633    0.94001   1.01478
   2.1000   0.2380   0.494   261.00    0.93663    0.95350   1.01801
   2.1000   0.2380   0.497   279.00    0.94977    0.97236   1.02378
   2.1000   0.2380   0.496   297.00    0.96650    1.00066   1.03534
   2.1000   0.2380   0.494   315.00    0.98744    1.04817   1.06150
   2.1000   0.2390   0.778    27.00    1.00665    1.09584   1.08860
   2.1000   0.2380   0.774    45.00    0.98261    1.02623   1.04439
   2.1000   0.2380   0.776    63.00    0.96154    0.98706   1.02654
   2.1000   0.2380   0.779    81.00    0.94411    0.96121   1.01811
   2.1000   0.2380   0.777    99.00    0.93015    0.94313   1.01395
   2.1000   0.2380   0.782   117.00    0.91911    0.92985   1.01169
   2.1000   0.2380   0.776   135.00    0.91103    0.92086   1.01080
   2.1000   0.2380   0.778   225.00    0.91098    0.92054   1.01050
   2.1000   0.2390   0.778   243.00    0.91872    0.92917   1.01137
   2.1000   0.2380   0.776   261.00    0.93017    0.94285   1.01363
   2.1000   0.2380   0.782   279.00    0.94406    0.96075   1.01768
   2.1000   0.2390   0.778   297.00    0.96125    0.98624   1.02600
   2.1000   0.2390   0.779   315.00    0.98243    1.02522   1.04356
   2.1000   0.2380   0.778   333.00    1.00642    1.09314   1.08617
   2.1000   0.2390   1.220     9.00    1.00817    1.06992   1.06126
   2.1000   0.2390   1.217    27.00    0.99443    1.03742   1.04323
   2.1000   0.2380   1.218    45.00    0.97429    1.00051   1.02691
   2.1000   0.2390   1.212    63.00    0.95461    0.97144   1.01762
   2.1000   0.2390   1.209    81.00    0.93716    0.94878   1.01240
   2.1000   0.2390   1.215    99.00    0.92263    0.93162   1.00974
   2.1000   0.2390   1.211   279.00    0.93713    0.94819   1.01180
   2.1000   0.2390   1.218   297.00    0.95453    0.97056   1.01678
   2.1000   0.2390   1.216   315.00    0.97447    1.00000   1.02620
   2.1000   0.2380   1.220   333.00    0.99389    1.03482   1.04119
   2.1000   0.2390   1.218   351.00    1.00823    1.06945   1.06072
   2.1000   0.2380   1.718     9.00    0.99801    1.02266   1.02470
   2.1000   0.2390   1.729    27.00    0.98685    1.00634   1.01975
   2.1000   0.2390   1.723    45.00    0.96845    0.98264   1.01466
   2.1000   0.2380   1.712    63.00    0.94911    0.95865   1.01005
   2.1000   0.2380   1.722   297.00    0.94902    0.95794   1.00940
   2.1000   0.2380   1.728   333.00    0.98630    1.00477   1.01872
   2.1000   0.2380   1.724   351.00    0.99795    1.02194   1.02404
   2.2100   0.2750   0.122     9.00    0.95575    0.98645   1.03213
   2.2100   0.2740   0.121    27.00    0.95384    0.98267   1.03022
   2.2100   0.2750   0.122    45.00    0.94904    0.97409   1.02639
   2.2100   0.2750   0.122    63.00    0.94387    0.96533   1.02274
   2.2100   0.2750   0.122    81.00    0.93867    0.95703   1.01956
   2.2100   0.2740   0.122    99.00    0.93459    0.95097   1.01752
   2.2100   0.2750   0.122   117.00    0.93053    0.94502   1.01558
   2.2100   0.2740   0.122   153.00    0.92701    0.94078   1.01485
   2.2100   0.2740   0.122   207.00    0.92701    0.94193   1.01610
   2.2100   0.2750   0.122   225.00    0.92809    0.94347   1.01657
   2.2100   0.2740   0.122   261.00    0.93459    0.95286   1.01955
   2.2000   0.2740   0.122   279.00    0.93880    0.95923   1.02177
   2.2100   0.2750   0.122   297.00    0.94387    0.96722   1.02474
   2.2000   0.2740   0.122   315.00    0.94931    0.97625   1.02838
   2.2100   0.2740   0.122   333.00    0.95410    0.98437   1.03172
   2.2100   0.2740   0.122   351.00    0.95658    0.98843   1.03330
   2.2100   0.2760   0.175     9.00    0.96760    1.01262   1.04653
   2.2000   0.2760   0.175    27.00    0.96265    1.00246   1.04135
   2.2100   0.2760   0.175    45.00    0.95566    0.98903   1.03491
   2.2100   0.2760   0.175    63.00    0.94705    0.97370   1.02814
   2.2100   0.2760   0.176    81.00    0.93870    0.96016   1.02286
   2.2100   0.2760   0.175    99.00    0.93145    0.94912   1.01897
   2.2000   0.2760   0.175   117.00    0.92533    0.94020   1.01607
   2.2100   0.2760   0.174   135.00    0.92173    0.93500   1.01440
   2.2100   0.2760   0.175   153.00    0.91915    0.93140   1.01333
   2.2100   0.2760   0.175   171.00    0.91801    0.92984   1.01288
   2.2100   0.2760   0.175   189.00    0.91801    0.93003   1.01309
   2.2100   0.2760   0.175   207.00    0.91915    0.93190   1.01388
   2.2100   0.2760   0.175   225.00    0.92164    0.93557   1.01512
   2.2100   0.2760   0.176   243.00    0.92565    0.94138   1.01699
   2.2000   0.2760   0.175   261.00    0.93105    0.94933   1.01963
   2.2100   0.2760   0.175   279.00    0.93870    0.96096   1.02371
   2.2100   0.2760   0.175   297.00    0.94705    0.97456   1.02904
   2.2100   0.2760   0.175   315.00    0.95566    0.98981   1.03574
   2.2100   0.2770   0.175   333.00    0.96238    1.00245   1.04164
   2.2100   0.2760   0.175   351.00    0.96760    1.01282   1.04673
   2.2100   0.2760   0.248     9.00    0.98097    1.04839   1.06873
   2.2100   0.2760   0.248    27.00    0.97360    1.02882   1.05672
   2.2100   0.2760   0.248    45.00    0.96217    1.00277   1.04219
   2.2100   0.2760   0.248    63.00    0.94994    0.97944   1.03105
   2.2100   0.2760   0.249    81.00    0.93869    0.96091   1.02367
   2.2100   0.2760   0.248    99.00    0.92922    0.94672   1.01884
   2.2100   0.2760   0.248   117.00    0.92178    0.93623   1.01567
   2.2100   0.2760   0.249   135.00    0.91637    0.92898   1.01376
   2.2100   0.2760   0.249   153.00    0.91301    0.92453   1.01262
   2.2100   0.2760   0.248   171.00    0.91152    0.92233   1.01187
   2.2100   0.2760   0.248   189.00    0.91152    0.92242   1.01196
   2.2100   0.2760   0.250   207.00    0.91294    0.92470   1.01289
   2.2100   0.2760   0.248   225.00    0.91643    0.92939   1.01414
   2.2100   0.2760   0.249   243.00    0.92173    0.93653   1.01606
   2.2100   0.2760   0.250   261.00    0.92917    0.94708   1.01928
   2.2100   0.2760   0.248   279.00    0.93870    0.96144   1.02423
   2.2100   0.2760   0.248   297.00    0.94994    0.98004   1.03168
   2.2100   0.2760   0.249   315.00    0.96225    1.00349   1.04287
   2.2100   0.2760   0.249   333.00    0.97373    1.02947   1.05725
   2.2100   0.2760   0.249   351.00    0.98113    1.04894   1.06911
   2.2100   0.2760   0.349     9.00    0.99653    1.10523   1.10908
   2.2100   0.2760   0.349    27.00    0.98468    1.05941   1.07589
   2.2100   0.2760   0.349    45.00    0.96819    1.01443   1.04776
   2.2100   0.2760   0.349    63.00    0.95209    0.98223   1.03165
   2.2100   0.2760   0.350    81.00    0.93812    0.95955   1.02285
   2.2100   0.2760   0.349    99.00    0.92670    0.94310   1.01770
   2.2100   0.2760   0.350   117.00    0.91779    0.93117   1.01457
   2.2100   0.2760   0.348   135.00    0.91144    0.92308   1.01277
   2.2100   0.2760   0.349   153.00    0.90727    0.91797   1.01179
   2.2100   0.2760   0.349   189.00    0.90530    0.91539   1.01115
   2.2100   0.2760   0.349   207.00    0.90727    0.91808   1.01191
   2.2100   0.2760   0.349   225.00    0.91140    0.92317   1.01292
   2.2100   0.2760   0.349   243.00    0.91783    0.93139   1.01478
   2.2100   0.2760   0.350   261.00    0.92668    0.94332   1.01795
   2.2100   0.2760   0.350   279.00    0.93812    0.95991   1.02323
   2.2100   0.2760   0.349   297.00    0.95209    0.98268   1.03212
   2.2100   0.2760   0.349   315.00    0.96819    1.01489   1.04823
   2.2100   0.2760   0.350   333.00    0.98478    1.05983   1.07621
   2.2100   0.2760   0.498    27.00    0.99614    1.09401   1.09825
   2.2100   0.2760   0.496    45.00    0.97334    1.02194   1.04993
   2.2100   0.2760   0.495    63.00    0.95331    0.98194   1.03002
   2.2100   0.2760   0.498    81.00    0.93682    0.95615   1.02063
   2.2100   0.2760   0.497    99.00    0.92366    0.93825   1.01581
   2.2100   0.2760   0.496   117.00    0.91353    0.92558   1.01319
   2.2100   0.2760   0.496   135.00    0.90613    0.91660   1.01156
   2.2100   0.2760   0.495   153.00    0.90127    0.91115   1.01096
   2.2100   0.2760   0.493   171.00    0.89891    0.90855   1.01072
   2.2100   0.2760   0.493   189.00    0.89891    0.90854   1.01072
   2.2100   0.2770   0.494   207.00    0.90095    0.91081   1.01095
   2.2100   0.2770   0.495   225.00    0.90579    0.91624   1.01154
   2.2100   0.2760   0.498   243.00    0.91348    0.92554   1.01320
   2.2100   0.2760   0.497   261.00    0.92366    0.93834   1.01590
   2.2100   0.2760   0.497   279.00    0.93683    0.95632   1.02080
   2.2100   0.2760   0.497   297.00    0.95332    0.98215   1.03024
   2.2100   0.2760   0.497   315.00    0.97336    1.02220   1.05018
   2.2100   0.2760   0.496   333.00    0.99602    1.09345   1.09782
   2.2100   0.2770   0.779    27.00    1.00461    1.10733   1.10225
   2.2100   0.2760   0.780    45.00    0.97649    1.02006   1.04462
   2.2100   0.2770   0.780    63.00    0.95262    0.97665   1.02523
   2.2100   0.2770   0.781    81.00    0.93366    0.94940   1.01687
   2.2100   0.2770   0.781    99.00    0.91872    0.93050   1.01282
   2.2100   0.2770   0.780   117.00    0.90727    0.91711   1.01084
   2.2100   0.2770   0.780   135.00    0.89880    0.90782   1.01004
   2.2100   0.2770   0.779   153.00    0.89307    0.90212   1.01013
   2.2100   0.2760   0.778   171.00    0.89041    0.89971   1.01045
   2.2100   0.2770   0.779   189.00    0.89004    0.89930   1.01041
   2.2100   0.2770   0.778   207.00    0.89309    0.90206   1.01005
   2.2100   0.2760   0.778   225.00    0.89919    0.90809   1.00990
   2.2100   0.2770   0.778   243.00    0.90730    0.91699   1.01068
   2.2100   0.2770   0.782   261.00    0.91871    0.93030   1.01262
   2.2100   0.2770   0.781   279.00    0.93366    0.94923   1.01668
   2.2100   0.2760   0.781   297.00    0.95290    0.97677   1.02506
   2.2100   0.2770   0.780   315.00    0.97625    1.01944   1.04425
   2.2100   0.2770   0.779   333.00    1.00461    1.10626   1.10118
   2.2100   0.2770   1.218     9.00    1.02208    1.15295   1.12804
   2.2100   0.2770   1.220    27.00    1.00168    1.06581   1.06402
   2.2100   0.2770   1.218    45.00    0.97460    1.00585   1.03206
   2.2100   0.2770   1.217    63.00    0.95004    0.96755   1.01844
   2.2100   0.2770   1.217    81.00    0.92971    0.94108   1.01223
   2.2100   0.2770   1.215    99.00    0.91357    0.92215   1.00939
   2.2100   0.2770   1.218   117.00    0.90111    0.90845   1.00814
   2.2100   0.2770   1.218   135.00    0.89190    0.89908   1.00804
   2.2100   0.2760   1.223   153.00    0.88589    0.89338   1.00846
   2.2100   0.2770   1.222   171.00    0.88223    0.89027   1.00912
   2.2200   0.2770   1.221   189.00    0.88257    0.89053   1.00902
   2.2100   0.2770   1.223   207.00    0.88555    0.89288   1.00828
   2.2100   0.2770   1.217   225.00    0.89192    0.89882   1.00775
   2.2100   0.2770   1.220   243.00    0.90109    0.90808   1.00776
   2.2000   0.2770   1.219   279.00    0.92953    0.94037   1.01166
   2.2100   0.2770   1.217   297.00    0.95004    0.96690   1.01775
   2.2100   0.2770   1.216   315.00    0.97461    1.00496   1.03114
   2.2100   0.2770   1.217   333.00    1.00172    1.06448   1.06265
   2.2100   0.2770   1.214   351.00    1.02218    1.15228   1.12728
   2.2100   0.2770   1.723     9.00    1.01368    1.06127   1.04695
   2.2100   0.2770   1.718    27.00    0.99658    1.02937   1.03291
   2.2100   0.2780   1.721    45.00    0.97164    0.99022   1.01913
   2.2100   0.2770   1.713    81.00    0.92599    0.93288   1.00745
   2.2100   0.2770   1.718    99.00    0.90917    0.91424   1.00558
   2.2200   0.2780   1.721   117.00    0.89622    0.90062   1.00492
   2.2100   0.2770   1.723   135.00    0.88672    0.89116   1.00501
   2.2100   0.2770   1.721   189.00    0.87712    0.88224   1.00584
   2.2100   0.2770   1.720   207.00    0.88039    0.88497   1.00520
   2.2100   0.2770   1.715   243.00    0.89629    0.90041   1.00459
   2.2100   0.2770   1.715   261.00    0.90919    0.91393   1.00521
   2.2100   0.2770   1.714   279.00    0.92598    0.93241   1.00694
   2.2100   0.2780   1.716   315.00    0.97166    0.98941   1.01827
   2.2200   0.2770   1.720   333.00    0.99608    1.02714   1.03118
   2.2100   0.2770   1.722   351.00    1.01368    1.06047   1.04616
   2.2200   0.3160   0.136    27.00    0.90156    0.91003   1.00939
   2.2300   0.3160   0.136    45.00    0.89952    0.90609   1.00730
   2.2200   0.3150   0.136   315.00    0.90297    0.91266   1.01073
   2.2200   0.3150   0.135   333.00    0.90187    0.91215   1.01139
   2.2400   0.3320   0.177     9.00    0.93266    0.95075   1.01940
   2.2400   0.3320   0.177    27.00    0.93017    0.94609   1.01712
   2.2400   0.3320   0.177    45.00    0.92583    0.93885   1.01407
   2.2400   0.3320   0.177    63.00    0.92063    0.93083   1.01109
   2.2400   0.3320   0.177    81.00    0.91553    0.92351   1.00871
   2.2400   0.3310   0.176    99.00    0.91161    0.91828   1.00732
   2.2400   0.3320   0.176   117.00    0.90834    0.91427   1.00653
   2.2300   0.3330   0.177   135.00    0.90612    0.91235   1.00688
   2.2400   0.3320   0.177   243.00    0.90826    0.91668   1.00928
   2.2400   0.3320   0.177   261.00    0.91128    0.92021   1.00980
   2.2300   0.3320   0.177   279.00    0.91528    0.92554   1.01120
   2.2400   0.3330   0.176   297.00    0.92010    0.93227   1.01323
   2.2400   0.3320   0.177   315.00    0.92583    0.94098   1.01637
   2.2400   0.3320   0.176   333.00    0.92996    0.94734   1.01869
   2.2400   0.3310   0.177   351.00    0.93323    0.95221   1.02033
   2.2400   0.3370   0.249     9.00    0.94326    0.96995   1.02830
   2.2400   0.3370   0.249    27.00    0.93903    0.96312   1.02564
   2.2400   0.3370   0.249    45.00    0.93186    0.95217   1.02180
   2.2400   0.3360   0.249    63.00    0.92383    0.94047   1.01801
   2.2400   0.3360   0.249    81.00    0.91559    0.92899   1.01463
   2.2400   0.3370   0.249    99.00    0.90823    0.91909   1.01195
   2.2400   0.3370   0.250   117.00    0.90285    0.91204   1.01018
   2.2400   0.3370   0.250   135.00    0.89935    0.90753   1.00910
   2.2400   0.3370   0.249   153.00    0.89761    0.90547   1.00875
   2.2400   0.3370   0.250   207.00    0.89753    0.90621   1.00967
   2.2400   0.3370   0.249   225.00    0.89941    0.90851   1.01011
   2.2400   0.3370   0.249   243.00    0.90289    0.91294   1.01113
   2.2400   0.3370   0.249   261.00    0.90823    0.91994   1.01289
   2.2500   0.3370   0.249   279.00    0.91549    0.92967   1.01549
   2.2400   0.3370   0.249   297.00    0.92345    0.94087   1.01887
   2.2400   0.3370   0.249   315.00    0.93186    0.95314   1.02284
   2.2400   0.3360   0.249   333.00    0.93951    0.96465   1.02676
   2.2400   0.3370   0.249   351.00    0.94326    0.97026   1.02862
   2.2400   0.3370   0.349     9.00    0.95723    0.99808   1.04268
   2.2400   0.3370   0.349    27.00    0.95061    0.98558   1.03679
   2.2400   0.3370   0.350    45.00    0.93987    0.96701   1.02888
   2.2400   0.3370   0.349    63.00    0.92773    0.94819   1.02205
   2.2400   0.3370   0.349    81.00    0.91640    0.93216   1.01720
   2.2400   0.3370   0.349    99.00    0.90682    0.91943   1.01390
   2.2500   0.3370   0.349   117.00    0.89966    0.91015   1.01166
   2.2400   0.3370   0.349   135.00    0.89439    0.90351   1.01019
   2.2500   0.3370   0.349   153.00    0.89177    0.90010   1.00934
   2.2500   0.3370   0.350   171.00    0.89061    0.89867   1.00905
   2.2500   0.3370   0.349   189.00    0.89067    0.89893   1.00928
   2.2500   0.3370   0.349   207.00    0.89177    0.90057   1.00986
   2.2400   0.3370   0.349   225.00    0.89439    0.90400   1.01074
   2.2400   0.3360   0.350   243.00    0.89966    0.91063   1.01220
   2.2400   0.3380   0.349   261.00    0.90655    0.91957   1.01436
   2.2400   0.3370   0.349   279.00    0.91640    0.93270   1.01778
   2.2400   0.3370   0.349   297.00    0.92773    0.94884   1.02275
   2.2400   0.3370   0.349   315.00    0.93980    0.96759   1.02957
   2.2400   0.3370   0.350   333.00    0.95071    0.98631   1.03745
   2.2400   0.3370   0.349   351.00    0.95723    0.99825   1.04286
   2.2400   0.3370   0.498     9.00    0.97495    1.04373   1.07054
   2.2400   0.3380   0.497    27.00    0.96405    1.01417   1.05200
   2.2400   0.3370   0.498    45.00    0.94863    0.98186   1.03503
   2.2400   0.3370   0.497    63.00    0.93204    0.95447   1.02407
   2.2400   0.3370   0.498    81.00    0.91733    0.93361   1.01774
   2.2400   0.3370   0.497    99.00    0.90526    0.91797   1.01405
   2.2400   0.3370   0.497   117.00    0.89597    0.90657   1.01182
   2.2500   0.3370   0.496   135.00    0.88970    0.89905   1.01051
   2.2400   0.3380   0.496   153.00    0.88540    0.89409   1.00981
   2.2400   0.3380   0.494   171.00    0.88385    0.89226   1.00951
   2.2500   0.3380   0.493   189.00    0.88409    0.89262   1.00965
   2.2400   0.3380   0.495   207.00    0.88544    0.89442   1.01015
   2.2400   0.3370   0.497   225.00    0.88946    0.89909   1.01083
   2.2400   0.3380   0.497   243.00    0.89573    0.90657   1.01210
   2.2400   0.3370   0.497   261.00    0.90526    0.91825   1.01435
   2.2400   0.3370   0.497   279.00    0.91733    0.93397   1.01814
   2.2400   0.3370   0.497   297.00    0.93204    0.95496   1.02459
   2.2400   0.3370   0.498   315.00    0.94863    0.98244   1.03564
   2.2400   0.3370   0.497   333.00    0.96450    1.01547   1.05285
   2.2400   0.3370   0.497   351.00    0.97484    1.04341   1.07034
   2.2400   0.3380   0.780     9.00    1.00233    1.15623   1.15353
   2.2400   0.3380   0.783    27.00    0.98481    1.06353   1.07993
   2.2400   0.3380   0.784    45.00    0.95992    0.99828   1.03997
   2.2400   0.3380   0.787    63.00    0.93691    0.95908   1.02367
   2.2400   0.3380   0.788    81.00    0.91782    0.93275   1.01627
   2.2400   0.3370   0.790    99.00    0.90295    0.91434   1.01262
   2.2400   0.3380   0.787   117.00    0.89128    0.90103   1.01094
   2.2400   0.3380   0.782   135.00    0.88312    0.89224   1.01032
   2.2400   0.3380   0.780   153.00    0.87784    0.88707   1.01052
   2.2500   0.3380   0.780   171.00    0.87543    0.88503   1.01096
   2.2400   0.3380   0.782   189.00    0.87517    0.88490   1.01111
   2.2400   0.3380   0.778   207.00    0.87788    0.88726   1.01069
   2.2400   0.3380   0.782   225.00    0.88312    0.89233   1.01042
   2.2400   0.3380   0.785   243.00    0.89131    0.90110   1.01098
   2.2400   0.3380   0.788   261.00    0.90274    0.91417   1.01266
   2.2400   0.3370   0.790   279.00    0.91805    0.93302   1.01631
   2.2400   0.3380   0.787   297.00    0.93691    0.95923   1.02383
   2.2400   0.3380   0.785   315.00    0.95995    0.99858   1.04024
   2.2400   0.3380   0.783   333.00    0.98481    1.06359   1.08000
   2.2400   0.3380   0.781   351.00    1.00242    1.15578   1.15299
   2.2400   0.3390   1.224     9.00    1.02463    1.28886   1.25788
   2.2400   0.3390   1.222    27.00    1.00190    1.09472   1.09265
   2.2400   0.3390   1.221    45.00    0.96919    1.00624   1.03823
   2.2400   0.3390   1.221    63.00    0.94059    0.95967   1.02029
   2.2400   0.3390   1.223    81.00    0.91776    0.92983   1.01315
   2.2400   0.3390   1.220    99.00    0.90017    0.90930   1.01015
   2.2400   0.3390   1.221   117.00    0.88693    0.89500   1.00911
   2.2400   0.3390   1.222   135.00    0.87727    0.88554   1.00943
   2.2400   0.3390   1.222   153.00    0.87068    0.88007   1.01079
   2.2500   0.3390   1.224   171.00    0.86724    0.87795   1.01235
   2.2500   0.3390   1.221   189.00    0.86728    0.87803   1.01239
   2.2400   0.3390   1.222   207.00    0.87068    0.88008   1.01080
   2.2400   0.3390   1.221   225.00    0.87728    0.88545   1.00932
   2.2400   0.3390   1.223   243.00    0.88691    0.89478   1.00887
   2.2400   0.3390   1.219   261.00    0.90017    0.90904   1.00985
   2.2400   0.3390   1.222   279.00    0.91776    0.92951   1.01280
   2.2400   0.3390   1.221   297.00    0.94059    0.95927   1.01986
   2.2400   0.3390   1.221   315.00    0.96919    1.00571   1.03768
   2.2400   0.3390   1.221   333.00    1.00188    1.09369   1.09164
   2.2400   0.3390   1.223   351.00    1.02461    1.28504   1.25417
   2.2500   0.3400   1.723     9.00    1.02664    1.18081   1.15017
   2.2500   0.3400   1.726    27.00    1.00710    1.07615   1.06856
   2.2400   0.3390   1.721    45.00    0.97376    1.00204   1.02904
   2.2400   0.3400   1.720    63.00    0.94244    0.95591   1.01430
   2.2400   0.3400   1.719    81.00    0.91733    0.92517   1.00855
   2.2500   0.3410   1.719    99.00    0.89811    0.90390   1.00645
   2.2500   0.3400   1.723   117.00    0.88391    0.88923   1.00602
   2.2400   0.3400   1.723   135.00    0.87333    0.87936   1.00691
   2.2400   0.3400   1.725   153.00    0.86620    0.87388   1.00887
   2.2500   0.3390   1.727   171.00    0.86273    0.87212   1.01088
   2.2400   0.3390   1.722   189.00    0.86256    0.87202   1.01096
   2.2500   0.3390   1.725   207.00    0.86657    0.87402   1.00860
   2.2500   0.3400   1.721   225.00    0.87351    0.87932   1.00664
   2.2400   0.3400   1.721   243.00    0.88376    0.88879   1.00569
   2.2400   0.3400   1.720   261.00    0.89812    0.90349   1.00598
   2.2400   0.3400   1.720   279.00    0.91733    0.92467   1.00800
   2.2400   0.3410   1.723   297.00    0.94237    0.95517   1.01358
   2.2400   0.3400   1.721   315.00    0.97376    1.00112   1.02809
   2.2400   0.3400   1.721   333.00    1.00734    1.07538   1.06754
   2.2400   0.3400   1.725   351.00    1.02685    1.18003   1.14918
   2.3300   0.4000   0.257     9.00    0.91516    0.92737   1.01335
   2.3300   0.4000   0.256    27.00    0.91128    0.92071   1.01035
   2.3300   0.4000   0.257    45.00    0.90779    0.91433   1.00720
   2.3300   0.4000   0.257    63.00    0.90236    0.90610   1.00414
   2.3300   0.4000   0.255    99.00    0.89152    0.89197   1.00050
   2.3300   0.3990   0.255   261.00    0.89326    0.89738   1.00461
   2.3300   0.4000   0.258   279.00    0.89803    0.90327   1.00584
   2.3300   0.4000   0.257   297.00    0.90236    0.90940   1.00780
   2.3400   0.4000   0.257   315.00    0.90806    0.91767   1.01058
   2.3300   0.4000   0.257   333.00    0.91244    0.92439   1.01310
   2.3300   0.4000   0.256   351.00    0.91395    0.92675   1.01401
   2.3400   0.4030   0.349     9.00    0.92902    0.94974   1.02231
   2.3400   0.4030   0.350    27.00    0.92463    0.94330   1.02019
   2.3400   0.4030   0.348    45.00    0.91684    0.93235   1.01692
   2.3500   0.4030   0.350    63.00    0.90831    0.92099   1.01396
   2.3400   0.4040   0.349    81.00    0.89940    0.90941   1.01112
   2.3400   0.4030   0.349    99.00    0.89263    0.90083   1.00919
   2.3400   0.4030   0.349   117.00    0.88757    0.89440   1.00770
   2.3400   0.4030   0.350   225.00    0.88463    0.89189   1.00820
   2.3400   0.4030   0.349   243.00    0.88757    0.89546   1.00888
   2.3400   0.4040   0.350   261.00    0.89240    0.90152   1.01022
   2.3400   0.4040   0.349   279.00    0.89940    0.91040   1.01223
   2.3400   0.4030   0.350   297.00    0.90816    0.92190   1.01514
   2.3400   0.4030   0.349   315.00    0.91692    0.93363   1.01822
   2.3400   0.4040   0.349   333.00    0.92413    0.94346   1.02091
   2.3400   0.4030   0.349   351.00    0.92902    0.95012   1.02272
   2.3400   0.4030   0.498     9.00    0.94622    0.98189   1.03769
   2.3400   0.4040   0.499    27.00    0.93884    0.96919   1.03232
   2.3400   0.4030   0.498    45.00    0.92741    0.95110   1.02554
   2.3400   0.4030   0.499    63.00    0.91435    0.93237   1.01971
   2.3400   0.4030   0.497    99.00    0.89194    0.90330   1.01274
   2.3500   0.4040   0.498   117.00    0.88427    0.89383   1.01082
   2.3400   0.4030   0.497   135.00    0.87936    0.88774   1.00952
   2.3400   0.4040   0.495   207.00    0.87698    0.88515   1.00931
   2.3500   0.4040   0.499   225.00    0.87932    0.88827   1.01018
   2.3400   0.4040   0.498   243.00    0.88410    0.89417   1.01139
   2.3400   0.4030   0.497   261.00    0.89194    0.90376   1.01325
   2.3400   0.4030   0.498   297.00    0.91431    0.93294   1.02037
   2.3400   0.4030   0.501   315.00    0.92759    0.95210   1.02642
   2.3400   0.4040   0.498   333.00    0.93875    0.96958   1.03284
   2.3400   0.4030   0.499   351.00    0.94633    0.98229   1.03800
   2.3400   0.4040   0.784     9.00    0.97355    1.05210   1.08069
   2.3400   0.4040   0.789    27.00    0.96209    1.01622   1.05627
   2.3500   0.4030   0.791    45.00    0.94304    0.97571   1.03465
   2.3400   0.4030   0.787    63.00    0.92274    0.94375   1.02277
   2.3400   0.4030   0.792    99.00    0.89134    0.90331   1.01342
   2.3400   0.4040   0.792   117.00    0.88056    0.89096   1.01181
   2.3400   0.4030   0.788   135.00    0.87342    0.88313   1.01111
   2.3500   0.4040   0.780   153.00    0.86938    0.87883   1.01086
   2.3400   0.4040   0.783   207.00    0.86917    0.87904   1.01135
   2.3400   0.4040   0.787   225.00    0.87329    0.88331   1.01148
   2.3500   0.4040   0.793   243.00    0.88070    0.89128   1.01201
   2.3400   0.4040   0.794   261.00    0.89116    0.90331   1.01363
   2.3400   0.4040   0.791   297.00    0.92261    0.94395   1.02313
   2.3400   0.4040   0.789   315.00    0.94262    0.97567   1.03507
   2.3400   0.4040   0.786   333.00    0.96187    1.01606   1.05634
   2.3500   0.4030   0.781   351.00    0.97375    1.05233   1.08070
   2.3400   0.4040   1.225     9.00    1.00666    1.19227   1.18438
   2.3400   0.4040   1.226    27.00    0.98957    1.07891   1.09028
   2.3400   0.4040   1.227    45.00    0.95939    0.99825   1.04050
   2.3400   0.4040   1.223    63.00    0.93119    0.95213   1.02249
   2.3400   0.4040   1.230    81.00    0.90854    0.92229   1.01513
   2.3400   0.4040   1.230    99.00    0.89101    0.90175   1.01206
   2.3400   0.4040   1.224   117.00    0.87791    0.88770   1.01114
   2.3500   0.4040   1.225   135.00    0.86864    0.87871   1.01159
   2.3500   0.4040   1.223   153.00    0.86240    0.87378   1.01319
   2.3500   0.4040   1.228   207.00    0.86235    0.87394   1.01344
   2.3400   0.4040   1.223   225.00    0.86851    0.87871   1.01174
   2.3400   0.4040   1.230   243.00    0.87789    0.88761   1.01107
   2.3400   0.4040   1.231   261.00    0.89101    0.90162   1.01191
   2.3500   0.4040   1.231   279.00    0.90863    0.92218   1.01492
   2.3500   0.4040   1.230   297.00    0.93133    0.95206   1.02226
   2.3400   0.4040   1.226   315.00    0.95936    0.99815   1.04043
   2.3400   0.4040   1.224   333.00    0.98947    1.07839   1.08986
   2.3400   0.4040   1.229   351.00    1.00688    1.19133   1.18319
   2.3500   0.4040   1.728     9.00    1.02036    1.28011   1.25457
   2.3500   0.4040   1.729    27.00    1.00689    1.10739   1.09982
   2.3500   0.4050   1.726    45.00    0.97129    1.00901   1.03884
   2.3400   0.4050   1.723    63.00    0.93779    0.95541   1.01879
   2.3400   0.4040   1.724    81.00    0.91136    0.92181   1.01146
   2.3500   0.4040   1.722    99.00    0.89144    0.89944   1.00897
   2.3500   0.4040   1.721   117.00    0.87667    0.88437   1.00878
   2.3400   0.4040   1.725   135.00    0.86582    0.87477   1.01033
   2.3400   0.4040   1.726   225.00    0.86582    0.87464   1.01019
   2.3500   0.4050   1.725   243.00    0.87655    0.88404   1.00854
   2.3500   0.4050   1.723   261.00    0.89134    0.89905   1.00865
   2.3500   0.4040   1.730   279.00    0.91143    0.92137   1.01091
   2.3500   0.4040   1.724   297.00    0.93784    0.95476   1.01804
   2.3400   0.4050   1.725   315.00    0.97141    1.00854   1.03822
   2.3500   0.4040   1.725   333.00    1.00680    1.10616   1.09869
   2.5900   0.2890   0.249    45.00    0.97362    1.02878   1.05666
   2.5900   0.2890   0.249    63.00    0.96047    0.99890   1.04002
   2.5900   0.2890   0.248    81.00    0.94892    0.97708   1.02968
   2.5900   0.2890   0.249   171.00    0.92146    0.93494   1.01462
   2.5800   0.2890   0.251   261.00    0.93876    0.96061   1.02327
   2.5900   0.2890   0.248   279.00    0.94892    0.97746   1.03008
   2.5900   0.2890   0.248   297.00    0.96045    0.99928   1.04043
   2.5900   0.2890   0.350    63.00    0.96123    0.99863   1.03891
   2.5900   0.2890   0.350    81.00    0.94717    0.97303   1.02731
   2.5800   0.2890   0.351    99.00    0.93541    0.95496   1.02090
   2.5900   0.2890   0.348   261.00    0.93598    0.95593   1.02131
   2.5800   0.2900   0.349   297.00    0.96008    0.99676   1.03820
   2.5900   0.2890   0.494    45.00    0.98039    1.03912   1.05991
   2.5900   0.2890   0.498    63.00    0.96030    0.99381   1.03490
   2.5900   0.2900   0.497    81.00    0.94390    0.96616   1.02358
   2.5900   0.2900   0.497    99.00    0.93138    0.94812   1.01796
   2.5900   0.2890   0.500   261.00    0.93179    0.94854   1.01797
   2.5900   0.2890   0.496   279.00    0.94441    0.96683   1.02374
   2.5900   0.2890   0.496   297.00    0.96032    0.99383   1.03490
   2.5900   0.2890   0.495   315.00    0.98039    1.03880   1.05958
   2.5800   0.2890   0.779    45.00    0.97757    1.02327   1.04676
   2.5900   0.2900   0.777    63.00    0.95619    0.98224   1.02724
   2.5900   0.2900   0.781    81.00    0.93902    0.95655   1.01867
   2.5900   0.2890   0.773    99.00    0.92602    0.93926   1.01430
   2.5900   0.2890   0.777   261.00    0.92594    0.93886   1.01395
   2.5900   0.2890   0.779   279.00    0.93941    0.95675   1.01846
   2.5800   0.2900   0.782   297.00    0.95592    0.98135   1.02661
   2.5900   0.2900   0.782   315.00    0.97743    1.02238   1.04599
   2.5900   0.2890   1.216     9.00    1.00641    1.09070   1.08375
   2.5900   0.2890   1.224    27.00    0.99081    1.04217   1.05184
   2.5900   0.2900   1.205    45.00    0.97040    1.00046   1.03098
   2.5900   0.2900   1.218    63.00    0.95017    0.96848   1.01927
   2.5800   0.2890   1.219    81.00    0.93309    0.94553   1.01333
   2.5900   0.2900   1.219   297.00    0.95016    0.96778   1.01855
   2.5900   0.2900   1.217   315.00    0.97021    0.99902   1.02969
   2.5900   0.2900   1.211   333.00    0.99154    1.04335   1.05226
   2.7100   0.3360   0.178     9.00    0.94417    0.96675   1.02392
   2.7100   0.3350   0.178    27.00    0.94257    0.96375   1.02247
   2.7100   0.3360   0.177    45.00    0.93763    0.95538   1.01893
   2.7100   0.3360   0.178    63.00    0.93289    0.94801   1.01621
   2.7100   0.3360   0.178    81.00    0.92801    0.94070   1.01367
   2.7100   0.3370   0.178    99.00    0.92340    0.93395   1.01143
   2.7100   0.3360   0.177   153.00    0.91757    0.92757   1.01090
   2.7100   0.3360   0.178   243.00    0.92062    0.93299   1.01344
   2.7100   0.3370   0.177   261.00    0.92344    0.93667   1.01433
   2.7100   0.3360   0.178   279.00    0.92801    0.94330   1.01647
   2.7100   0.3370   0.178   297.00    0.93232    0.94959   1.01852
   2.7100   0.3360   0.178   315.00    0.93779    0.95790   1.02144
   2.7100   0.3360   0.178   333.00    0.94185    0.96403   1.02355
   2.7200   0.3420   0.249     9.00    0.95426    0.98729   1.03461
   2.7100   0.3410   0.249    27.00    0.95027    0.98029   1.03159
   2.7100   0.3420   0.249    45.00    0.94251    0.96726   1.02625
   2.7100   0.3420   0.249    63.00    0.93425    0.95428   1.02145
   2.7100   0.3420   0.248    81.00    0.92622    0.94231   1.01737
   2.7100   0.3420   0.249    99.00    0.91931    0.93249   1.01434
   2.7100   0.3430   0.248   117.00    0.91364    0.92470   1.01211
   2.7200   0.3420   0.250   135.00    0.91042    0.92051   1.01108
   2.7100   0.3420   0.249   153.00    0.90801    0.91738   1.01033
   2.7100   0.3430   0.250   171.00    0.90672    0.91583   1.01005
   2.7100   0.3420   0.250   189.00    0.90697    0.91641   1.01041
   2.7100   0.3420   0.249   207.00    0.90801    0.91806   1.01107
   2.7100   0.3420   0.249   225.00    0.91019    0.92105   1.01194
   2.7200   0.3420   0.249   243.00    0.91423    0.92640   1.01331
   2.7100   0.3420   0.248   261.00    0.91934    0.93338   1.01528
   2.7100   0.3420   0.250   279.00    0.92624    0.94329   1.01841
   2.7100   0.3420   0.249   297.00    0.93425    0.95520   1.02243
   2.7200   0.3420   0.248   315.00    0.94278    0.96848   1.02727
   2.7100   0.3420   0.249   333.00    0.94963    0.97971   1.03168
   2.7100   0.3410   0.249   351.00    0.95456    0.98808   1.03512
   2.7100   0.3430   0.350     9.00    0.96791    1.01917   1.05296
   2.7100   0.3420   0.349    27.00    0.96127    1.00425   1.04470
   2.7100   0.3420   0.348    45.00    0.94993    0.98182   1.03358
   2.7100   0.3420   0.350    63.00    0.93786    0.96135   1.02505
   2.7100   0.3420   0.349    81.00    0.92665    0.94444   1.01920
   2.7100   0.3420   0.350    99.00    0.91724    0.93128   1.01531
   2.7200   0.3420   0.349   117.00    0.91024    0.92195   1.01286
   2.7100   0.3420   0.349   135.00    0.90478    0.91494   1.01123
   2.7200   0.3430   0.348   153.00    0.90169    0.91091   1.01023
   2.7100   0.3430   0.348   171.00    0.90001    0.90870   1.00966
   2.7200   0.3430   0.349   189.00    0.90023    0.90909   1.00984
   2.7100   0.3420   0.349   207.00    0.90163    0.91118   1.01059
   2.7100   0.3410   0.350   225.00    0.90503    0.91563   1.01171
   2.7100   0.3420   0.350   243.00    0.90991    0.92194   1.01322
   2.7100   0.3420   0.349   261.00    0.91725    0.93170   1.01575
   2.7100   0.3420   0.350   279.00    0.92665    0.94490   1.01970
   2.7100   0.3420   0.350   297.00    0.93786    0.96185   1.02558
   2.7200   0.3430   0.350   315.00    0.94986    0.98216   1.03401
   2.7200   0.3420   0.349   333.00    0.96166    1.00522   1.04530
   2.7100   0.3420   0.349   351.00    0.96849    1.02050   1.05370
   2.7100   0.3430   0.498     9.00    0.98599    1.07565   1.09093
   2.7100   0.3420   0.498    27.00    0.97450    1.03650   1.06362
   2.7200   0.3420   0.497    45.00    0.95769    0.99578   1.03977
   2.7100   0.3420   0.498    63.00    0.94083    0.96545   1.02617
   2.7100   0.3420   0.498    81.00    0.92651    0.94404   1.01891
   2.7100   0.3420   0.497    99.00    0.91488    0.92843   1.01482
   2.7100   0.3430   0.498   117.00    0.90558    0.91668   1.01226
   2.7200   0.3420   0.497   135.00    0.89976    0.90951   1.01084
   2.7100   0.3430   0.496   153.00    0.89519    0.90420   1.01006
   2.7100   0.3430   0.495   171.00    0.89335    0.90198   1.00966
   2.7100   0.3430   0.496   189.00    0.89331    0.90200   1.00973
   2.7100   0.3430   0.495   207.00    0.89522    0.90439   1.01024
   2.7100   0.3430   0.495   225.00    0.89925    0.90910   1.01096
   2.7200   0.3420   0.496   243.00    0.90622    0.91755   1.01251
   2.7200   0.3420   0.498   261.00    0.91514    0.92892   1.01506
   2.7100   0.3430   0.499   279.00    0.92616    0.94383   1.01908
   2.7100   0.3420   0.498   297.00    0.94083    0.96574   1.02647
   2.7100   0.3420   0.498   315.00    0.95743    0.99552   1.03979
   2.7100   0.3420   0.496   333.00    0.97435    1.03596   1.06323
   2.7100   0.3420   0.497   351.00    0.98664    1.07744   1.09203
   2.7100   0.3430   0.781     9.00    1.01227    1.21496   1.20023
   2.7100   0.3430   0.782    27.00    0.99037    1.07817   1.08865
   2.7100   0.3430   0.784    45.00    0.96478    1.00503   1.04172
   2.7100   0.3430   0.784    63.00    0.94284    0.96579   1.02434
   2.7100   0.3430   0.785    81.00    0.92510    0.94047   1.01662
   2.7100   0.3430   0.787    99.00    0.91107    0.92275   1.01281
   2.7100   0.3430   0.786   117.00    0.90034    0.91014   1.01088
   2.7100   0.3430   0.780   135.00    0.89263    0.90161   1.01006
   2.7100   0.3440   0.782   153.00    0.88720    0.89597   1.00989
   2.7200   0.3440   0.781   171.00    0.88491    0.89371   1.00995
   2.7100   0.3430   0.780   189.00    0.88493    0.89376   1.00997
   2.7100   0.3430   0.780   207.00    0.88750    0.89632   1.00993
   2.7100   0.3440   0.783   225.00    0.89231    0.90125   1.01003
   2.7100   0.3430   0.786   243.00    0.90034    0.91008   1.01082
   2.7100   0.3430   0.787   261.00    0.91107    0.92267   1.01273
   2.7100   0.3430   0.786   279.00    0.92509    0.94039   1.01653
   2.7100   0.3430   0.785   297.00    0.94285    0.96571   1.02425
   2.7100   0.3440   0.783   315.00    0.96444    1.00436   1.04139
   2.7100   0.3430   0.783   333.00    0.99041    1.07738   1.08781
   2.7100   0.3440   1.221    27.00    0.99737    1.07860   1.08144
   2.7100   0.3440   1.224    45.00    0.96792    1.00246   1.03568
   2.7100   0.3440   1.223    63.00    0.94296    0.96173   1.01991
   2.7100   0.3450   1.219    81.00    0.92267    0.93494   1.01329
   2.7200   0.3450   1.219    99.00    0.90705    0.91638   1.01028
   2.7100   0.3450   1.222   117.00    0.89475    0.90281   1.00900
   2.7100   0.3440   1.222   135.00    0.88610    0.89397   1.00888
   2.7200   0.3440   1.221   153.00    0.88031    0.88861   1.00943
   2.7100   0.3430   1.223   171.00    0.87709    0.88602   1.01018
   2.7200   0.3430   1.224   189.00    0.87734    0.88623   1.01013
   2.7200   0.3440   1.223   207.00    0.88029    0.88851   1.00934
   2.7100   0.3430   1.222   225.00    0.88635    0.89404   1.00868
   2.7100   0.3450   1.224   243.00    0.89474    0.90254   1.00872
   2.7100   0.3440   1.224   261.00    0.90706    0.91601   1.00987
   2.7100   0.3450   1.222   279.00    0.92266    0.93451   1.01284
   2.7100   0.3440   1.222   297.00    0.94296    0.96123   1.01938
   2.7100   0.3440   1.222   315.00    0.96792    1.00174   1.03494
   2.7100   0.3440   1.224   333.00    0.99737    1.07681   1.07965
   2.7100   0.3450   1.718     9.00    1.01404    1.11196   1.09657
   2.7100   0.3440   1.719    27.00    0.99455    1.04523   1.05096
   2.7100   0.3450   1.723    63.00    0.94195    0.95534   1.01422
   2.7100   0.3450   1.724    81.00    0.92073    0.92920   1.00919
   2.7200   0.3450   1.722    99.00    0.90405    0.91052   1.00715
   2.7200   0.3450   1.719   117.00    0.89121    0.89697   1.00646
   2.7100   0.3440   1.723   135.00    0.88170    0.88771   1.00682
   2.7100   0.3440   1.725   153.00    0.87525    0.88202   1.00773
   2.7200   0.3440   1.728   171.00    0.87210    0.87965   1.00866
   2.7100   0.3440   1.724   189.00    0.87188    0.87943   1.00866
   2.7200   0.3440   1.723   207.00    0.87550    0.88212   1.00756
   2.7200   0.3440   1.724   225.00    0.88191    0.88769   1.00655
   2.7100   0.3450   1.721   243.00    0.89100    0.89642   1.00608
   2.7100   0.3450   1.720   261.00    0.90390    0.90997   1.00671
   2.7100   0.3460   1.721   279.00    0.92060    0.92860   1.00869
   2.7100   0.3450   1.723   297.00    0.94195    0.95468   1.01351
   2.7200   0.3440   1.724   315.00    0.96725    0.99082   1.02437
   2.7100   0.3450   1.719   333.00    0.99475    1.04453   1.05004
   2.7300   0.4060   0.262     9.00    0.91840    0.93016   1.01280
   2.7300   0.4070   0.262    27.00    0.91362    0.92267   1.00991
   2.7300   0.4060   0.261    45.00    0.91075    0.91734   1.00724
   2.7300   0.4060   0.262    63.00    0.90731    0.91166   1.00479
   2.7300   0.4070   0.262    81.00    0.90061    0.90283   1.00246
   2.7300   0.4070   0.262    99.00    0.89710    0.89840   1.00145
   2.7400   0.4060   0.261   279.00    0.90192    0.90839   1.00717
   2.7300   0.4070   0.262   297.00    0.90504    0.91287   1.00864
   2.7300   0.4060   0.262   315.00    0.91206    0.92230   1.01123
   2.7300   0.4070   0.263   333.00    0.91501    0.92678   1.01287
   2.7300   0.4070   0.262   351.00    0.91588    0.92800   1.01323
   2.7400   0.4220   0.351     9.00    0.92621    0.94351   1.01868
   2.7500   0.4220   0.350    27.00    0.92252    0.93791   1.01668
   2.7500   0.4220   0.351    45.00    0.91629    0.92923   1.01412
   2.7500   0.4210   0.350    63.00    0.90912    0.91967   1.01161
   2.7500   0.4210   0.351    81.00    0.90194    0.91043   1.00942
   2.7500   0.4220   0.351    99.00    0.89566    0.90238   1.00750
   2.7500   0.4210   0.350   117.00    0.89157    0.89727   1.00640
   2.7500   0.4220   0.351   243.00    0.89135    0.89853   1.00806
   2.7500   0.4210   0.350   261.00    0.89589    0.90414   1.00920
   2.7500   0.4220   0.351   279.00    0.90166    0.91144   1.01085
   2.7500   0.4210   0.351   297.00    0.90917    0.92125   1.01328
   2.7400   0.4220   0.350   315.00    0.91604    0.93033   1.01560
   2.7400   0.4210   0.350   333.00    0.92279    0.93950   1.01811
   2.7500   0.4210   0.350   351.00    0.92668    0.94458   1.01933
   2.7500   0.4220   0.497     9.00    0.94294    0.97367   1.03259
   2.7500   0.4220   0.499    27.00    0.93687    0.96370   1.02864
   2.7500   0.4230   0.499    45.00    0.92617    0.94733   1.02284
   2.7500   0.4220   0.498    63.00    0.91482    0.93128   1.01799
   2.7500   0.4230   0.498    81.00    0.90362    0.91653   1.01429
   2.7500   0.4220   0.497    99.00    0.89467    0.90519   1.01176
   2.7500   0.4230   0.498   117.00    0.88752    0.89634   1.00994
   2.7500   0.4230   0.498   135.00    0.88300    0.89067   1.00868
   2.7500   0.4230   0.498   225.00    0.88300    0.89136   1.00946
   2.7500   0.4230   0.499   243.00    0.88750    0.89694   1.01063
   2.7500   0.4220   0.498   261.00    0.89467    0.90575   1.01239
   2.7500   0.4230   0.498   279.00    0.90362    0.91712   1.01494
   2.7500   0.4220   0.498   297.00    0.91482    0.93193   1.01870
   2.7500   0.4220   0.497   315.00    0.92640    0.94829   1.02363
   2.7500   0.4230   0.498   333.00    0.93639    0.96340   1.02884
   2.7500   0.4230   0.498   351.00    0.94261    0.97328   1.03253
   2.7500   0.4230   0.785     9.00    0.96919    1.03737   1.07035
   2.7500   0.4240   0.789    27.00    0.95786    1.00558   1.04982
   2.7500   0.4230   0.792    45.00    0.94066    0.97065   1.03188
   2.7500   0.4230   0.791    63.00    0.92238    0.94213   1.02141
   2.7500   0.4230   0.792    81.00    0.90643    0.92077   1.01582
   2.7500   0.4230   0.789    99.00    0.89349    0.90491   1.01278
   2.7500   0.4230   0.791   117.00    0.88364    0.89346   1.01112
   2.7500   0.4240   0.788   135.00    0.87669    0.88567   1.01025
   2.7500   0.4240   0.781   153.00    0.87289    0.88141   1.00976
   2.7500   0.4240   0.779   189.00    0.87143    0.87987   1.00969
   2.7500   0.4240   0.784   207.00    0.87283    0.88172   1.01018
   2.7500   0.4240   0.788   225.00    0.87669    0.88600   1.01062
   2.7500   0.4230   0.793   243.00    0.88362    0.89368   1.01138
   2.7500   0.4230   0.792   261.00    0.89348    0.90510   1.01300
   2.7500   0.4230   0.793   279.00    0.90644    0.92101   1.01607
   2.7500   0.4230   0.789   297.00    0.92234    0.94238   1.02173
   2.7500   0.4230   0.792   315.00    0.94066    0.97098   1.03224
   2.7500   0.4230   0.788   333.00    0.95817    1.00625   1.05018
   2.7500   0.4230   0.785   351.00    0.96919    1.03719   1.07016
   2.7500   0.4250   1.226     9.00    1.00084    1.16593   1.16496
   2.7500   0.4240   1.225    27.00    0.98299    1.06209   1.08047
   2.7500   0.4240   1.226    45.00    0.95523    0.99099   1.03744
   2.7500   0.4240   1.227    63.00    0.92976    0.94969   1.02144
   2.7500   0.4250   1.231    81.00    0.90882    0.92221   1.01473
   2.7500   0.4240   1.231    99.00    0.89273    0.90322   1.01175
   2.7500   0.4240   1.230   117.00    0.88047    0.88988   1.01068
   2.7500   0.4240   1.225   135.00    0.87170    0.88112   1.01080
   2.7500   0.4240   1.227   153.00    0.86594    0.87605   1.01167
   2.7500   0.4240   1.228   207.00    0.86593    0.87623   1.01189
   2.7500   0.4250   1.227   225.00    0.87154    0.88109   1.01096
   2.7500   0.4250   1.228   243.00    0.88033    0.88977   1.01072
   2.7500   0.4250   1.230   261.00    0.89257    0.90301   1.01169
   2.7500   0.4240   1.231   279.00    0.90898    0.92222   1.01457
   2.7500   0.4240   1.227   297.00    0.92976    0.94957   1.02131
   2.7500   0.4240   1.225   315.00    0.95521    0.99083   1.03730
   2.7500   0.4240   1.226   333.00    0.98304    1.06165   1.07997
   2.7500   0.4240   1.229   351.00    1.00141    1.16669   1.16504
   2.7500   0.4250   1.730     9.00    1.01702    1.25761   1.23657
   2.7500   0.4260   1.729    27.00    0.99898    1.08910   1.09020
   2.7500   0.4250   1.725    63.00    0.93539    0.95279   1.01860
   2.7500   0.4260   1.727    81.00    0.91110    0.92198   1.01194
   2.7500   0.4260   1.724    99.00    0.89251    0.90096   1.00947
   2.7500   0.4260   1.725   117.00    0.87860    0.88656   1.00906
   2.7500   0.4250   1.726   135.00    0.86862    0.87736   1.01006
   2.7500   0.4250   1.728   225.00    0.86861    0.87727   1.00996
   2.7500   0.4250   1.727   243.00    0.87872    0.88644   1.00878
   2.7500   0.4250   1.726   261.00    0.89263    0.90074   1.00909
   2.7500   0.4260   1.728   279.00    0.91110    0.92160   1.01151
   2.7500   0.4250   1.730   297.00    0.93544    0.95230   1.01803
   2.7500   0.4260   1.729   315.00    0.96566    1.00021   1.03578
   2.7500   0.4250   1.723   333.00    0.99891    1.08765   1.08883
   3.1200   0.3620   0.248    45.00    0.94684    0.97384   1.02853
   3.1100   0.3620   0.248    63.00    0.93896    0.96082   1.02328
   3.1200   0.3620   0.249    81.00    0.93221    0.95041   1.01953
   3.1200   0.3620   0.249    99.00    0.92595    0.94112   1.01639
   3.1200   0.3620   0.252   117.00    0.92088    0.93395   1.01420
   3.1300   0.3640   0.249   153.00    0.91535    0.92622   1.01187
   3.1200   0.3630   0.249   243.00    0.92066    0.93474   1.01529
   3.1200   0.3630   0.248   279.00    0.93168    0.95081   1.02053
   3.1200   0.3620   0.249   297.00    0.93947    0.96288   1.02492
   3.1200   0.3620   0.249   315.00    0.94694    0.97507   1.02971
   3.1200   0.3620   0.351    45.00    0.95496    0.99135   1.03811
   3.1200   0.3610   0.351    81.00    0.93272    0.95302   1.02177
   3.1300   0.3620   0.349    99.00    0.92366    0.93966   1.01732
   3.1200   0.3630   0.349   117.00    0.91593    0.92895   1.01421
   3.1200   0.3630   0.350   135.00    0.91096    0.92245   1.01261
   3.1200   0.3620   0.349   153.00    0.90831    0.91897   1.01174
   3.1200   0.3620   0.349   171.00    0.90690    0.91693   1.01106
   3.1200   0.3630   0.349   225.00    0.91101    0.92294   1.01309
   3.1300   0.3630   0.349   243.00    0.91630    0.92985   1.01479
   3.1100   0.3620   0.353   261.00    0.92281    0.93892   1.01746
   3.1200   0.3630   0.350   279.00    0.93176    0.95208   1.02181
   3.1200   0.3620   0.352   315.00    0.95502    0.99175   1.03845
   3.1200   0.3630   0.497    45.00    0.96115    1.00344   1.04400
   3.1200   0.3630   0.500    63.00    0.94485    0.97208   1.02881
   3.1200   0.3630   0.500    81.00    0.93099    0.95032   1.02076
   3.1200   0.3630   0.501    99.00    0.91981    0.93465   1.01613
   3.1200   0.3620   0.497   117.00    0.91169    0.92402   1.01353
   3.1200   0.3630   0.495   135.00    0.90525    0.91596   1.01183
   3.1200   0.3630   0.499   153.00    0.90121    0.91105   1.01092
   3.1200   0.3620   0.496   171.00    0.89979    0.90917   1.01042
   3.1300   0.3630   0.494   189.00    0.89987    0.90929   1.01047
   3.1200   0.3620   0.497   207.00    0.90162    0.91164   1.01112
   3.1200   0.3630   0.496   225.00    0.90522    0.91606   1.01198
   3.1200   0.3630   0.497   243.00    0.91132    0.92372   1.01360
   3.1200   0.3620   0.497   261.00    0.92027    0.93537   1.01641
   3.1200   0.3630   0.496   297.00    0.94481    0.97219   1.02897
   3.1200   0.3630   0.496   315.00    0.96111    1.00333   1.04392
   3.1200   0.3620   0.498   333.00    0.97945    1.05095   1.07300
   3.1200   0.3620   0.782    45.00    0.96706    1.01071   1.04513
   3.1200   0.3630   0.787    63.00    0.94557    0.97028   1.02613
   3.1200   0.3630   0.784    81.00    0.92877    0.94543   1.01793
   3.1200   0.3630   0.783    99.00    0.91558    0.92822   1.01380
   3.1200   0.3630   0.785   117.00    0.90542    0.91604   1.01173
   3.1200   0.3630   0.787   225.00    0.89800    0.90743   1.01051
   3.1200   0.3630   0.781   243.00    0.90549    0.91605   1.01166
   3.1200   0.3630   0.784   261.00    0.91556    0.92808   1.01367
   3.1200   0.3630   0.785   297.00    0.94558    0.97011   1.02595
   3.1200   0.3630   0.785   315.00    0.96673    1.00962   1.04437
   3.1200   0.3630   1.228    45.00    0.96623    1.00094   1.03593
   3.1200   0.3630   1.220    81.00    0.92539    0.93859   1.01427
   3.1200   0.3630   1.225    99.00    0.91088    0.92097   1.01108
   3.1200   0.3630   1.222   261.00    0.91090    0.92068   1.01073
   3.1200   0.3630   1.226   315.00    0.96624    1.00017   1.03511
   3.1200   0.3620   1.730   171.00    0.87789    0.88550   1.00867
   3.1200   0.3640   1.727   279.00    0.92214    0.93126   1.00989
   3.2200   0.4070   0.263     9.00    0.93016    0.94518   1.01615
   3.2200   0.4060   0.263    27.00    0.92868    0.94226   1.01462
   3.2200   0.4070   0.264    45.00    0.92445    0.93541   1.01186
   3.2200   0.4070   0.264    63.00    0.91994    0.92858   1.00939
   3.2300   0.4070   0.263    81.00    0.91580    0.92256   1.00738
   3.2200   0.4070   0.264    99.00    0.91187    0.91754   1.00622
   3.2100   0.4060   0.262   261.00    0.91196    0.92183   1.01083
   3.2200   0.4070   0.264   279.00    0.91553    0.92649   1.01196
   3.2200   0.4060   0.262   297.00    0.92026    0.93290   1.01373
   3.2200   0.4070   0.263   315.00    0.92430    0.93850   1.01536
   3.2200   0.4060   0.263   333.00    0.92868    0.94452   1.01706
   3.2200   0.4060   0.263   351.00    0.93086    0.94710   1.01745
   3.2200   0.4270   0.351     9.00    0.93283    0.95189   1.02043
   3.2200   0.4270   0.352    27.00    0.92952    0.94683   1.01862
   3.2300   0.4270   0.352    45.00    0.92386    0.93869   1.01605
   3.2300   0.4270   0.351    63.00    0.91686    0.92895   1.01319
   3.2300   0.4280   0.352    81.00    0.90980    0.91948   1.01064
   3.2300   0.4270   0.351    99.00    0.90439    0.91246   1.00892
   3.2300   0.4280   0.350   117.00    0.89996    0.90668   1.00746
   3.2300   0.4290   0.352   135.00    0.89705    0.90314   1.00679
   3.2200   0.4280   0.352   153.00    0.89570    0.90180   1.00681
   3.2300   0.4280   0.352   225.00    0.89723    0.90511   1.00879
   3.2200   0.4280   0.351   243.00    0.89969    0.90817   1.00942
   3.2200   0.4280   0.351   261.00    0.90388    0.91348   1.01061
   3.2200   0.4280   0.352   279.00    0.90956    0.92087   1.01244
   3.2200   0.4270   0.351   297.00    0.91662    0.93028   1.01490
   3.2300   0.4270   0.352   315.00    0.92386    0.94017   1.01765
   3.2200   0.4280   0.350   333.00    0.92877    0.94673   1.01934
   3.2300   0.4280   0.352   351.00    0.93266    0.95202   1.02076
   3.2200   0.4300   0.498     9.00    0.94826    0.98161   1.03517
   3.2300   0.4300   0.499    27.00    0.94244    0.97140   1.03073
   3.2300   0.4300   0.498    45.00    0.93235    0.95501   1.02431
   3.2300   0.4300   0.498    63.00    0.92120    0.93859   1.01888
   3.2300   0.4300   0.498    81.00    0.91076    0.92435   1.01493
   3.2300   0.4300   0.499    99.00    0.90196    0.91296   1.01219
   3.2300   0.4300   0.500   117.00    0.89519    0.90440   1.01029
   3.2300   0.4300   0.498   135.00    0.89068    0.89870   1.00901
   3.2300   0.4310   0.497   153.00    0.88800    0.89523   1.00814
   3.2300   0.4320   0.496   189.00    0.88692    0.89404   1.00804
   3.2300   0.4310   0.497   225.00    0.89051    0.89917   1.00971
   3.2300   0.4300   0.497   243.00    0.89526    0.90507   1.01096
   3.2300   0.4300   0.497   261.00    0.90198    0.91355   1.01282
   3.2300   0.4300   0.498   279.00    0.91076    0.92495   1.01558
   3.2300   0.4300   0.498   297.00    0.92120    0.93920   1.01954
   3.2300   0.4300   0.498   315.00    0.93235    0.95554   1.02488
   3.2300   0.4300   0.497   333.00    0.94227    0.97139   1.03090
   3.2200   0.4310   0.498   351.00    0.94773    0.98070   1.03479
   3.2300   0.4310   0.785     9.00    0.97444    1.05017   1.07772
   3.2300   0.4320   0.787    27.00    0.96193    1.01247   1.05255
   3.2300   0.4310   0.790    45.00    0.94476    0.97572   1.03278
   3.2300   0.4310   0.791    63.00    0.92722    0.94734   1.02170
   3.2300   0.4310   0.791    81.00    0.91206    0.92655   1.01589
   3.2300   0.4310   0.791    99.00    0.89979    0.91121   1.01269
   3.2300   0.4320   0.789   117.00    0.89022    0.89993   1.01090
   3.2300   0.4310   0.787   135.00    0.88387    0.89260   1.00987
   3.2300   0.4320   0.782   153.00    0.87980    0.88795   1.00926
   3.2300   0.4310   0.781   189.00    0.87825    0.88625   1.00911
   3.2300   0.4320   0.786   225.00    0.88370    0.89267   1.01016
   3.2300   0.4310   0.790   243.00    0.89042    0.90033   1.01113
   3.2200   0.4320   0.791   261.00    0.89938    0.91095   1.01286
   3.2300   0.4320   0.791   279.00    0.91181    0.92645   1.01606
   3.2300   0.4310   0.791   297.00    0.92722    0.94752   1.02189
   3.2300   0.4310   0.788   315.00    0.94469    0.97570   1.03283
   3.2300   0.4310   0.788   333.00    0.96245    1.01326   1.05280
   3.2200   0.4320   0.787   351.00    0.97377    1.04785   1.07608
   3.2300   0.4320   1.228    27.00    0.98305    1.06120   1.07950
   3.2300   0.4330   1.223    45.00    0.95548    0.99024   1.03637
   3.2200   0.4330   1.226    63.00    0.93178    0.95136   1.02101
   3.2300   0.4330   1.226    81.00    0.91273    0.92598   1.01451
   3.2200   0.4330   1.227    99.00    0.89755    0.90788   1.01151
   3.2200   0.4330   1.229   117.00    0.88608    0.89517   1.01026
   3.2300   0.4330   1.226   135.00    0.87800    0.88679   1.01001
   3.2300   0.4320   1.228   153.00    0.87273    0.88178   1.01037
   3.2300   0.4320   1.226   171.00    0.87004    0.87950   1.01088
   3.2300   0.4320   1.226   189.00    0.87004    0.87956   1.01095
   3.2300   0.4320   1.228   207.00    0.87273    0.88189   1.01050
   3.2300   0.4330   1.223   225.00    0.87802    0.88688   1.01008
   3.2300   0.4330   1.225   243.00    0.88628    0.89534   1.01023
   3.2200   0.4330   1.227   261.00    0.89755    0.90777   1.01139
   3.2300   0.4330   1.229   279.00    0.91274    0.92582   1.01433
   3.2300   0.4340   1.226   297.00    0.93169    0.95108   1.02081
   3.2300   0.4330   1.226   315.00    0.95554    0.98995   1.03601
   3.2300   0.4320   1.225   333.00    0.98295    1.05990   1.07828
   3.2300   0.4340   1.728    45.00    0.96187    0.99398   1.03338
   3.2300   0.4340   1.730    63.00    0.93506    0.95191   1.01802
   3.2300   0.4340   1.726    81.00    0.91344    0.92436   1.01196
   3.2200   0.4340   1.730    99.00    0.89644    0.90494   1.00948
   3.2300   0.4340   1.728   117.00    0.88374    0.89152   1.00880
   3.2300   0.4340   1.728   135.00    0.87436    0.88252   1.00933
   3.2200   0.4320   1.729   153.00    0.86813    0.87730   1.01056
   3.2300   0.4320   1.730   171.00    0.86489    0.87512   1.01184
   3.2300   0.4320   1.734   207.00    0.86827    0.87740   1.01052
   3.2300   0.4340   1.731   225.00    0.87435    0.88241   1.00923
   3.2300   0.4340   1.728   243.00    0.88374    0.89134   1.00860
   3.2200   0.4340   1.727   261.00    0.89645    0.90468   1.00918
   3.2300   0.4340   1.725   279.00    0.91344    0.92400   1.01156
   3.2300   0.4340   1.721   297.00    0.93501    0.95145   1.01759
   3.2200   0.4330   1.726   315.00    0.96196    0.99337   1.03265
   3.2900   0.4960   0.500     9.00    0.91858    0.93305   1.01575
   3.2800   0.4950   0.500    27.00    0.91508    0.92814   1.01426
   3.2900   0.4960   0.502    45.00    0.90854    0.91954   1.01210
   3.2900   0.4960   0.501    63.00    0.90101    0.90998   1.00996
   3.2800   0.4960   0.504    99.00    0.88792    0.89397   1.00681
   3.2800   0.4960   0.503   261.00    0.88793    0.89600   1.00909
   3.2900   0.4950   0.497   297.00    0.90114    0.91212   1.01218
   3.2900   0.4960   0.499   315.00    0.90833    0.92108   1.01404
   3.2800   0.4960   0.501   333.00    0.91477    0.92914   1.01571
   3.2900   0.4970   0.503   351.00    0.91846    0.93349   1.01636
   3.2900   0.4960   0.790     9.00    0.94442    0.98033   1.03803
   3.2900   0.4970   0.790    27.00    0.93641    0.96590   1.03148
   3.2900   0.4960   0.793    45.00    0.92448    0.94691   1.02427
   3.2900   0.4970   0.797    63.00    0.91059    0.92743   1.01850
   3.2900   0.4970   0.797    81.00    0.89794    0.91119   1.01475
   3.2900   0.4960   0.795   117.00    0.87978    0.88923   1.01074
   3.2900   0.4960   0.794   243.00    0.87979    0.88983   1.01141
   3.2900   0.4960   0.791   261.00    0.88766    0.89913   1.01292
   3.2900   0.4960   0.790   279.00    0.89808    0.91183   1.01532
   3.2900   0.4960   0.791   297.00    0.91068    0.92806   1.01909
   3.2800   0.4960   0.793   315.00    0.92436    0.94729   1.02481
   3.2900   0.4960   0.789   333.00    0.93672    0.96667   1.03197
   3.2900   0.4960   0.788   351.00    0.94426    0.98003   1.03789
   3.2900   0.4970   1.229     9.00    0.97563    1.06600   1.09263
   3.2900   0.4960   1.234    27.00    0.96312    1.01978   1.05883
   3.2900   0.4960   1.233    63.00    0.92044    0.94000   1.02126
   3.2900   0.4970   1.234    81.00    0.90226    0.91639   1.01565
   3.2900   0.4970   1.238    99.00    0.88794    0.89944   1.01295
   3.2900   0.4960   1.233   117.00    0.87723    0.88751   1.01173
   3.2900   0.4970   1.226   135.00    0.86957    0.87944   1.01136
   3.2800   0.4970   1.230   225.00    0.86940    0.87962   1.01175
   3.2900   0.4970   1.233   243.00    0.87709    0.88762   1.01200
   3.2900   0.4960   1.235   297.00    0.92047    0.94015   1.02138
   3.2900   0.4960   1.233   351.00    0.97632    1.06756   1.09344
   3.2900   0.4970   1.728    63.00    0.92825    0.94768   1.02092
   3.2800   0.4960   1.729    81.00    0.90626    0.91932   1.01442
   3.2900   0.4970   1.736    99.00    0.88908    0.89961   1.01184
   3.2900   0.4960   1.737   117.00    0.87628    0.88609   1.01120
   3.3000   0.4970   1.732   243.00    0.87628    0.88611   1.01122
   3.2900   0.4960   1.739   261.00    0.88921    0.89957   1.01166
   3.2900   0.4960   1.728   279.00    0.90631    0.91919   1.01421
   3.2900   0.4970   1.723   297.00    0.92818    0.94741   1.02071
   3.2900   0.4970   1.737   315.00    0.95570    0.99099   1.03692
   3.6000   0.4250   0.277    27.00    0.90846    0.91829   1.01082
   3.5900   0.4240   0.275   297.00    0.90158    0.91208   1.01164
   3.5800   0.4230   0.274   351.00    0.91084    0.92293   1.01327
   3.6700   0.4480   0.353     9.00    0.93273    0.95045   1.01900
   3.6700   0.4480   0.356    27.00    0.93044    0.94680   1.01759
   3.6600   0.4480   0.353    45.00    0.92502    0.93857   1.01464
   3.6700   0.4480   0.355    63.00    0.91988    0.93143   1.01255
   3.6700   0.4480   0.354    81.00    0.91434    0.92377   1.01031
   3.6700   0.4480   0.354    99.00    0.90971    0.91764   1.00871
   3.6700   0.4480   0.355   261.00    0.90969    0.92071   1.01212
   3.6700   0.4470   0.353   279.00    0.91472    0.92732   1.01377
   3.6800   0.4480   0.355   297.00    0.92019    0.93467   1.01574
   3.6700   0.4470   0.353   315.00    0.92590    0.94235   1.01777
   3.6600   0.4470   0.354   351.00    0.93327    0.95196   1.02003
   3.6700   0.4500   0.498     9.00    0.94992    0.98396   1.03584
   3.6700   0.4500   0.497    27.00    0.94411    0.97361   1.03124
   3.6700   0.4500   0.497    45.00    0.93488    0.95838   1.02513
   3.6800   0.4510   0.498    63.00    0.92452    0.94272   1.01968
   3.6800   0.4500   0.498    81.00    0.91529    0.92976   1.01581
   3.6700   0.4500   0.497    99.00    0.90691    0.91861   1.01290
   3.6700   0.4520   0.500   117.00    0.90013    0.90984   1.01079
   3.6800   0.4500   0.499   243.00    0.90092    0.91163   1.01188
   3.6700   0.4500   0.500   261.00    0.90688    0.91937   1.01378
   3.6800   0.4510   0.496   279.00    0.91493    0.93002   1.01650
   3.6800   0.4500   0.497   297.00    0.92491    0.94397   1.02061
   3.6700   0.4490   0.499   315.00    0.93549    0.95992   1.02612
   3.6700   0.4500   0.497   333.00    0.94411    0.97390   1.03156
   3.6800   0.4510   0.498   351.00    0.94963    0.98344   1.03561
   3.6700   0.4500   0.790    45.00    0.94717    0.97999   1.03465
   3.6800   0.4510   0.789    63.00    0.93015    0.95147   1.02292
   3.6800   0.4510   0.790    81.00    0.91578    0.93115   1.01678
   3.6800   0.4510   0.793    99.00    0.90417    0.91628   1.01339
   3.6800   0.4520   0.788   117.00    0.89512    0.90531   1.01138
   3.6800   0.4510   0.789   243.00    0.89535    0.90577   1.01164
   3.6800   0.4510   0.793   261.00    0.90417    0.91646   1.01359
   3.6800   0.4510   0.786   279.00    0.91578    0.93131   1.01696
   3.6800   0.4510   0.792   297.00    0.93019    0.95160   1.02302
   3.6800   0.4510   0.789   315.00    0.94699    0.97962   1.03445
   3.6700   0.4510   1.228    45.00    0.95594    0.99156   1.03726
   3.6800   0.4520   1.230    63.00    0.93347    0.95380   1.02178
   3.6800   0.4520   1.228    81.00    0.91552    0.92940   1.01516
   3.6700   0.4510   1.228    99.00    0.90147    0.91228   1.01199
   3.6700   0.4510   1.226   135.00    0.88293    0.89183   1.01007
   3.6800   0.4510   1.226   225.00    0.88314    0.89208   1.01012
   3.6700   0.4510   1.230   261.00    0.90146    0.91216   1.01187
   3.6800   0.4510   1.229   279.00    0.91573    0.92944   1.01498
   3.6800   0.4520   1.226   297.00    0.93345    0.95355   1.02153
   3.6800   0.4510   1.230   315.00    0.95609    0.99125   1.03678
   3.6800   0.4520   1.726    45.00    0.95930    0.99096   1.03300
   3.6700   0.4510   1.739    63.00    0.93503    0.95234   1.01852
   3.6800   0.4520   1.731    99.00    0.89973    0.90888   1.01017
   3.6800   0.4520   1.731   117.00    0.88782    0.89605   1.00927
   3.6900   0.4510   1.729   189.00    0.87041    0.87999   1.01101
   3.6800   0.4530   1.730   225.00    0.87887    0.88714   1.00941
   3.6800   0.4530   1.731   279.00    0.91512    0.92644   1.01237
   3.6800   0.4520   1.722   297.00    0.93494    0.95197   1.01821
   3.6800   0.4520   1.724   315.00    0.95930    0.99030   1.03232
   3.6700   0.4510   1.732   333.00    0.98778    1.05868   1.07177
   3.7500   0.5090   0.507     9.00    0.91997    0.93396   1.01520
   3.7400   0.5100   0.508    27.00    0.91617    0.92838   1.01332
   3.7500   0.5090   0.509    45.00    0.91134    0.92197   1.01167
   3.7400   0.5090   0.510    63.00    0.90465    0.91341   1.00968
   3.7500   0.5100   0.510    81.00    0.89826    0.90527   1.00781
   3.7500   0.5090   0.508    99.00    0.89342    0.89923   1.00651
   3.7400   0.5090   0.509   261.00    0.89322    0.90199   1.00982
   3.7500   0.5090   0.507   279.00    0.89849    0.90847   1.01110
   3.7500   0.5090   0.511   297.00    0.90488    0.91647   1.01280
   3.7500   0.5090   0.508   315.00    0.91126    0.92430   1.01431
   3.7400   0.5100   0.508   333.00    0.91617    0.93021   1.01532
   3.7400   0.5100   0.510   351.00    0.91964    0.93420   1.01584
   3.7600   0.5130   0.788     9.00    0.94361    0.97740   1.03581
   3.7500   0.5120   0.790    27.00    0.93695    0.96562   1.03060
   3.7600   0.5130   0.794    45.00    0.92545    0.94735   1.02366
   3.7600   0.5130   0.793    63.00    0.91281    0.92944   1.01821
   3.7600   0.5120   0.794    81.00    0.90147    0.91467   1.01465
   3.7600   0.5130   0.794    99.00    0.89158    0.90245   1.01219
   3.7600   0.5130   0.793   117.00    0.88433    0.89362   1.01051
   3.7600   0.5130   0.791   243.00    0.88435    0.89436   1.01132
   3.7600   0.5120   0.796   261.00    0.89178    0.90333   1.01294
   3.7600   0.5140   0.794   279.00    0.90098    0.91476   1.01529
   3.7600   0.5130   0.791   297.00    0.91276    0.92998   1.01886
   3.7600   0.5130   0.793   315.00    0.92541    0.94777   1.02416
   3.7500   0.5130   0.790   333.00    0.93652    0.96514   1.03055
   3.7600   0.5130   0.789   351.00    0.94369    0.97758   1.03591
   3.7600   0.5140   1.227    27.00    0.96068    1.01407   1.05557
   3.7600   0.5140   1.231    45.00    0.94073    0.97110   1.03229
   3.7500   0.5140   1.234    63.00    0.92103    0.94035   1.02098
   3.7500   0.5140   1.234    81.00    0.90432    0.91838   1.01555
   3.7500   0.5130   1.232    99.00    0.89113    0.90255   1.01281
   3.7600   0.5130   1.235   117.00    0.88111    0.89120   1.01144
   3.7500   0.5130   1.231   135.00    0.87389    0.88332   1.01080
   3.7500   0.5130   1.228   225.00    0.87391    0.88365   1.01114
   3.7500   0.5130   1.237   243.00    0.88096    0.89129   1.01173
   3.7600   0.5140   1.236   261.00    0.89110    0.90270   1.01302
   3.7500   0.5140   1.236   279.00    0.90433    0.91853   1.01570
   3.7500   0.5140   1.235   297.00    0.92105    0.94046   1.02108
   3.7600   0.5140   1.230   315.00    0.94070    0.97099   1.03220
   3.7500   0.5130   1.232   333.00    0.96118    1.01456   1.05554
   3.7500   0.5140   1.728    27.00    0.98062    1.05677   1.07765
   3.7600   0.5140   1.729    45.00    0.95263    0.98654   1.03560
   3.7500   0.5140   1.731    63.00    0.92761    0.94674   1.02062
   3.7500   0.5140   1.736    81.00    0.90733    0.92046   1.01447
   3.7500   0.5140   1.735    99.00    0.89143    0.90204   1.01190
   3.7500   0.5140   1.734   117.00    0.87939    0.88913   1.01108
   3.7600   0.5140   1.726   243.00    0.87952    0.88929   1.01111
   3.7500   0.5140   1.731   261.00    0.89142    0.90198   1.01184
   3.7600   0.5140   1.735   279.00    0.90741    0.92040   1.01432
   3.7500   0.5140   1.732   297.00    0.92763    0.94655   1.02040
   3.7500   0.5140   1.736   315.00    0.95275    0.98633   1.03525
   3.7500   0.5130   1.730   333.00    0.98090    1.05625   1.07681
   4.1800   0.5250   0.527     9.00    0.92207    0.93644   1.01559
   4.1900   0.5260   0.527    27.00    0.91886    0.93146   1.01372
   4.1800   0.5250   0.526    45.00    0.91421    0.92505   1.01186
   4.1900   0.5250   0.527    63.00    0.90876    0.91790   1.01006
   4.1800   0.5260   0.528    81.00    0.90269    0.90998   1.00807
   4.1800   0.5270   0.529   279.00    0.90237    0.91384   1.01270
   4.1900   0.5260   0.527   297.00    0.90833    0.92121   1.01418
   4.1800   0.5250   0.528   315.00    0.91437    0.92862   1.01558
   4.1800   0.5250   0.526   333.00    0.91909    0.93412   1.01635
   4.1800   0.5260   0.528   351.00    0.92158    0.93657   1.01626
   4.2200   0.5380   0.786     9.00    0.94035    0.97042   1.03198
   4.2200   0.5370   0.787    27.00    0.93478    0.96117   1.02823
   4.2300   0.5390   0.792    45.00    0.92436    0.94522   1.02256
   4.2300   0.5380   0.792    63.00    0.91363    0.93014   1.01807
   4.2200   0.5380   0.793    81.00    0.90310    0.91637   1.01469
   4.2300   0.5390   0.796    99.00    0.89446    0.90551   1.01235
   4.2300   0.5380   0.789   117.00    0.88832    0.89771   1.01058
   4.2300   0.5380   0.793   261.00    0.89470    0.90675   1.01346
   4.2300   0.5390   0.794   279.00    0.90304    0.91723   1.01572
   4.2300   0.5380   0.793   297.00    0.91365    0.93103   1.01902
   4.2200   0.5380   0.791   315.00    0.92451    0.94610   1.02335
   4.2300   0.5380   0.788   333.00    0.93458    0.96119   1.02847
   4.2200   0.5380   0.789   351.00    0.94059    0.97098   1.03231
   4.2300   0.5400   1.233     9.00    0.97081    1.04846   1.07999
   4.2300   0.5390   1.231    27.00    0.95832    1.00933   1.05323
   4.2300   0.5390   1.232    45.00    0.93963    0.96978   1.03209
   4.2200   0.5390   1.235    63.00    0.92135    0.94102   1.02135
   4.2300   0.5390   1.232    81.00    0.90600    0.92054   1.01605
   4.2300   0.5390   1.233   243.00    0.88422    0.89490   1.01207
   4.2200   0.5390   1.233   279.00    0.90585    0.92057   1.01625
   4.2200   0.5390   1.236   297.00    0.92136    0.94114   1.02147
   4.2200   0.5390   1.232   315.00    0.93947    0.96941   1.03187
   4.2300   0.5390   1.228   333.00    0.95818    1.00836   1.05237
   4.2300   0.5390   1.234   351.00    0.97145    1.04962   1.08047
   4.2300   0.5400   1.734    27.00    0.97658    1.04882   1.07398
   4.2300   0.5390   1.737    45.00    0.95041    0.98399   1.03533
   4.2200   0.5390   1.735    63.00    0.92706    0.94659   1.02107
   4.2300   0.5390   1.733   279.00    0.90831    0.92196   1.01502
   4.2300   0.5390   1.733   297.00    0.92713    0.94651   1.02090
   4.2200   0.5380   1.734   315.00    0.95048    0.98367   1.03492
   4.2300   0.5390   1.727   333.00    0.97666    1.04786   1.07290
