exp,meson,target,bin,observable,Q2,xB,t,phi,value,stat,syst,Ebeam,in_fit,source
CLAS6_demasi,pi0,p,E25M3,A_LU(phi),1.07,0.127,-0.543,26.627,-0.424,0.633,,5.776,yes,"De Masi et al., PRC 77 042201(R) (2008), CLAS physics database export"
CLAS6_demasi,pi0,p,E25M3,A_LU(phi),1.15,0.135,-0.504,50.591,0.195,0.103,,5.776,yes,"De Masi et al., PRC 77 042201(R) (2008), CLAS physics database export"
CLAS6_demasi,pi0,p,E25M3,A_LU(phi),1.16,0.135,-0.494,75.81,0.025,0.06,,5.776,yes,"De Masi et al., PRC 77 042201(R) (2008), CLAS physics database export"
CLAS6_demasi,pi0,p,E25M3,A_LU(phi),1.16,0.134,-0.486,104.159,0.072,0.051,,5.776,yes,"De Masi et al., PRC 77 042201(R) (2008), CLAS physics database export"
CLAS6_demasi,pi0,p,E25M3,A_LU(phi),1.14,0.13,-0.482,133.688,-0.017,0.067,,5.776,yes,"De Masi et al., PRC 77 042201(R) (2008), CLAS physics database export"
CLAS6_demasi,pi0,p,E25M3,A_LU(phi),1.15,0.13,-0.483,164.223,0.05,0.077,,5.776,yes,"De Masi et al., PRC 77 042201(R) (2008), CLAS physics database export"
CLAS6_demasi,pi0,p,E25M3,A_LU(phi),1.17,0.131,-0.477,196.634,0.023,0.086,,5.776,yes,"De Masi et al., PRC 77 042201(R) (2008), CLAS physics database export"
CLAS6_demasi,pi0,p,E25M3,A_LU(phi),1.15,0.131,-0.485,225.492,-0.141,0.062,,5.776,yes,"De Masi et al., PRC 77 042201(R) (2008), CLAS physics database export"
CLAS6_demasi,pi0,p,E25M3,A_LU(phi),1.15,0.133,-0.491,256.001,-0.096,0.054,,5.776,yes,"De Masi et al., PRC 77 042201(R) (2008), CLAS physics database export"
CLAS6_demasi,pi0,p,E25M3,A_LU(phi),1.15,0.135,-0.49,283.144,-0.057,0.055,,5.776,yes,"De Masi et al., PRC 77 042201(R) (2008), CLAS physics database export"
CLAS6_demasi,pi0,p,E25M3,A_LU(phi),1.15,0.134,-0.511,309.905,-0.123,0.113,,5.776,yes,"De Masi et al., PRC 77 042201(R) (2008), CLAS physics database export"
CLAS6_demasi,pi0,p,E25M3,A_LU(phi),1.06,0.127,-0.517,330.517,0.0,0.888,,5.776,yes,"De Masi et al., PRC 77 042201(R) (2008), CLAS physics database export"
CLAS6_demasi,pi0,p,E25M4,A_LU(phi),1.16,0.132,-0.853,17.625,0.079,0.117,,5.776,yes,"De Masi et al., PRC 77 042201(R) (2008), CLAS physics database export"
CLAS6_demasi,pi0,p,E25M4,A_LU(phi),1.15,0.134,-0.807,45.711,0.052,0.057,,5.776,yes,"De Masi et al., PRC 77 042201(R) (2008), CLAS physics database export"
CLAS6_demasi,pi0,p,E25M4,A_LU(phi),1.15,0.134,-0.782,74.206,-0.019,0.053,,5.776,yes,"De Masi et al., PRC 77 042201(R) (2008), CLAS physics database export"
CLAS6_demasi,pi0,p,E25M4,A_LU(phi),1.16,0.132,-0.749,103.709,-0.041,0.057,,5.776,yes,"De Masi et al., PRC 77 042201(R) (2008), CLAS physics database export"
CLAS6_demasi,pi0,p,E25M4,A_LU(phi),1.16,0.13,-0.724,133.187,0.042,0.105,,5.776,yes,"De Masi et al., PRC 77 042201(R) (2008), CLAS physics database export"
CLAS6_demasi,pi0,p,E25M4,A_LU(phi),1.15,0.13,-0.74,164.537,0.013,0.132,,5.776,yes,"De Masi et al., PRC 77 042201(R) (2008), CLAS physics database export"
CLAS6_demasi,pi0,p,E25M4,A_LU(phi),1.16,0.128,-0.688,195.34,0.238,0.153,,5.776,yes,"De Masi et al., PRC 77 042201(R) (2008), CLAS physics database export"
CLAS6_demasi,pi0,p,E25M4,A_LU(phi),1.15,0.128,-0.712,227.613,0.0,0.095,,5.776,yes,"De Masi et al., PRC 77 042201(R) (2008), CLAS physics database export"
CLAS6_demasi,pi0,p,E25M4,A_LU(phi),1.16,0.133,-0.763,257.954,-0.147,0.061,,5.776,yes,"De Masi et al., PRC 77 042201(R) (2008), CLAS physics database export"
CLAS6_demasi,pi0,p,E25M4,A_LU(phi),1.15,0.134,-0.781,284.67,-0.032,0.048,,5.776,yes,"De Masi et al., PRC 77 042201(R) (2008), CLAS physics database export"
CLAS6_demasi,pi0,p,E25M4,A_LU(phi),1.15,0.134,-0.787,313.84,0.036,0.064,,5.776,yes,"De Masi et al., PRC 77 042201(R) (2008), CLAS physics database export"
CLAS6_demasi,pi0,p,E25M4,A_LU(phi),1.12,0.129,-0.858,342.653,0.121,0.132,,5.776,yes,"De Masi et al., PRC 77 042201(R) (2008), CLAS physics database export"
CLAS6_demasi,pi0,p,E25M5,A_LU(phi),1.14,0.132,-1.335,15.71,-0.004,0.08,,5.776,yes,"De Masi et al., PRC 77 042201(R) (2008), CLAS physics database export"
CLAS6_demasi,pi0,p,E25M5,A_LU(phi),1.15,0.133,-1.302,45.676,0.031,0.056,,5.776,yes,"De Masi et al., PRC 77 042201(R) (2008), CLAS physics database export"
CLAS6_demasi,pi0,p,E25M5,A_LU(phi),1.17,0.133,-1.218,72.132,0.191,0.074,,5.776,yes,"De Masi et al., PRC 77 042201(R) (2008), CLAS physics database export"
CLAS6_demasi,pi0,p,E25M5,A_LU(phi),1.18,0.134,-1.236,100.653,-0.04,0.131,,5.776,yes,"De Masi et al., PRC 77 042201(R) (2008), CLAS physics database export"
CLAS6_demasi,pi0,p,E25M5,A_LU(phi),1.16,0.14,-1.203,143.436,0.0,0.752,,5.776,yes,"De Masi et al., PRC 77 042201(R) (2008), CLAS physics database export"
CLAS6_demasi,pi0,p,E25M5,A_LU(phi),1.15,0.136,-1.312,166.998,0.098,0.279,,5.776,yes,"De Masi et al., PRC 77 042201(R) (2008), CLAS physics database export"
CLAS6_demasi,pi0,p,E25M5,A_LU(phi),1.14,0.135,-1.507,194.535,-0.316,0.609,,5.776,yes,"De Masi et al., PRC 77 042201(R) (2008), CLAS physics database export"
CLAS6_demasi,pi0,p,E25M5,A_LU(phi),1.18,0.141,-1.327,231.805,0.104,0.257,,5.776,yes,"De Masi et al., PRC 77 042201(R) (2008), CLAS physics database export"
CLAS6_demasi,pi0,p,E25M5,A_LU(phi),1.16,0.133,-1.175,257.905,0.213,0.127,,5.776,yes,"De Masi et al., PRC 77 042201(R) (2008), CLAS physics database export"
CLAS6_demasi,pi0,p,E25M5,A_LU(phi),1.15,0.132,-1.207,286.769,-0.114,0.068,,5.776,yes,"De Masi et al., PRC 77 042201(R) (2008), CLAS physics database export"
CLAS6_demasi,pi0,p,E25M5,A_LU(phi),1.16,0.134,-1.28,314.652,0.018,0.062,,5.776,yes,"De Masi et al., PRC 77 042201(R) (2008), CLAS physics database export"
CLAS6_demasi,pi0,p,E25M5,A_LU(phi),1.15,0.133,-1.316,343.729,0.019,0.069,,5.776,yes,"De Masi et al., PRC 77 042201(R) (2008), CLAS physics database export"
CLAS6_demasi,pi0,p,E25M6,A_LU(phi),1.37,0.184,-0.125,19.758,0.062,0.183,,5.776,yes,"De Masi et al., PRC 77 042201(R) (2008), CLAS physics database export"
CLAS6_demasi,pi0,p,E25M6,A_LU(phi),1.34,0.179,-0.143,46.493,0.09,0.075,,5.776,yes,"De Masi et al., PRC 77 042201(R) (2008), CLAS physics database export"
CLAS6_demasi,pi0,p,E25M6,A_LU(phi),1.35,0.177,-0.148,75.913,0.122,0.055,,5.776,yes,"De Masi et al., PRC 77 042201(R) (2008), CLAS physics database export"
CLAS6_demasi,pi0,p,E25M6,A_LU(phi),1.33,0.173,-0.148,104.485,0.099,0.051,,5.776,yes,"De Masi et al., PRC 77 042201(R) (2008), CLAS physics database export"
CLAS6_demasi,pi0,p,E25M6,A_LU(phi),1.35,0.175,-0.147,136.098,0.1,0.071,,5.776,yes,"De Masi et al., PRC 77 042201(R) (2008), CLAS physics database export"
CLAS6_demasi,pi0,p,E25M6,A_LU(phi),1.36,0.174,-0.146,163.986,0.196,0.081,,5.776,yes,"De Masi et al., PRC 77 042201(R) (2008), CLAS physics database export"
CLAS6_demasi,pi0,p,E25M6,A_LU(phi),1.37,0.175,-0.143,198.182,-0.086,0.071,,5.776,yes,"De Masi et al., PRC 77 042201(R) (2008), CLAS physics database export"
CLAS6_demasi,pi0,p,E25M6,A_LU(phi),1.35,0.174,-0.149,225.347,0.01,0.064,,5.776,yes,"De Masi et al., PRC 77 042201(R) (2008), CLAS physics database export"
CLAS6_demasi,pi0,p,E25M6,A_LU(phi),1.35,0.175,-0.148,255.75,-0.108,0.048,,5.776,yes,"De Masi et al., PRC 77 042201(R) (2008), CLAS physics database export"
CLAS6_demasi,pi0,p,E25M6,A_LU(phi),1.35,0.177,-0.153,283.81,-0.009,0.055,,5.776,yes,"De Masi et al., PRC 77 042201(R) (2008), CLAS physics database export"
CLAS6_demasi,pi0,p,E25M6,A_LU(phi),1.35,0.18,-0.141,313.461,-0.027,0.078,,5.776,yes,"De Masi et al., PRC 77 042201(R) (2008), CLAS physics database export"
CLAS6_demasi,pi0,p,E25M6,A_LU(phi),1.37,0.184,-0.129,341.448,-0.057,0.161,,5.776,yes,"De Masi et al., PRC 77 042201(R) (2008), CLAS physics database export"
CLAS6_demasi,pi0,p,E25M7,A_LU(phi),1.4,0.193,-0.234,20.576,-0.852,1.03,,5.776,yes,"De Masi et al., PRC 77 042201(R) (2008), CLAS physics database export"
CLAS6_demasi,pi0,p,E25M7,A_LU(phi),1.36,0.179,-0.296,49.27,0.186,0.059,,5.776,yes,"De Masi et al., PRC 77 042201(R) (2008), CLAS physics database export"
CLAS6_demasi,pi0,p,E25M7,A_LU(phi),1.36,0.177,-0.293,76.117,0.071,0.042,,5.776,yes,"De Masi et al., PRC 77 042201(R) (2008), CLAS physics database export"
CLAS6_demasi,pi0,p,E25M7,A_LU(phi),1.35,0.174,-0.293,103.457,0.13,0.039,,5.776,yes,"De Masi et al., PRC 77 042201(R) (2008), CLAS physics database export"
CLAS6_demasi,pi0,p,E25M7,A_LU(phi),1.36,0.174,-0.285,132.959,0.046,0.059,,5.776,yes,"De Masi et al., PRC 77 042201(R) (2008), CLAS physics database export"
CLAS6_demasi,pi0,p,E25M7,A_LU(phi),1.36,0.172,-0.285,163.948,0.012,0.072,,5.776,yes,"De Masi et al., PRC 77 042201(R) (2008), CLAS physics database export"
CLAS6_demasi,pi0,p,E25M7,A_LU(phi),1.34,0.169,-0.267,198.987,0.03,0.081,,5.776,yes,"De Masi et al., PRC 77 042201(R) (2008), CLAS physics database export"
CLAS6_demasi,pi0,p,E25M7,A_LU(phi),1.35,0.17,-0.287,225.555,-0.144,0.057,,5.776,yes,"De Masi et al., PRC 77 042201(R) (2008), CLAS physics database export"
CLAS6_demasi,pi0,p,E25M7,A_LU(phi),1.35,0.175,-0.29,257.104,-0.037,0.04,,5.776,yes,"De Masi et al., PRC 77 042201(R) (2008), CLAS physics database export"
CLAS6_demasi,pi0,p,E25M7,A_LU(phi),1.35,0.176,-0.297,283.238,-0.037,0.039,,5.776,yes,"De Masi et al., PRC 77 042201(R) (2008), CLAS physics database export"
CLAS6_demasi,pi0,p,E25M7,A_LU(phi),1.37,0.181,-0.298,311.14,0.031,0.07,,5.776,yes,"De Masi et al., PRC 77 042201(R) (2008), CLAS physics database export"
CLAS6_demasi,pi0,p,E25M7,A_LU(phi),1.34,0.19,-0.254,334.478,-0.095,0.392,,5.776,yes,"De Masi et al., PRC 77 042201(R) (2008), CLAS physics database export"
CLAS6_demasi,pi0,p,E25M8,A_LU(phi),1.23,0.167,-0.525,25.769,-0.621,0.85,,5.776,yes,"De Masi et al., PRC 77 042201(R) (2008), CLAS physics database export"
CLAS6_demasi,pi0,p,E25M8,A_LU(phi),1.35,0.177,-0.493,49.403,0.053,0.062,,5.776,yes,"De Masi et al., PRC 77 042201(R) (2008), CLAS physics database export"
CLAS6_demasi,pi0,p,E25M8,A_LU(phi),1.35,0.176,-0.495,75.034,0.106,0.052,,5.776,yes,"De Masi et al., PRC 77 042201(R) (2008), CLAS physics database export"
CLAS6_demasi,pi0,p,E25M8,A_LU(phi),1.36,0.172,-0.478,103.106,0.211,0.058,,5.776,yes,"De Masi et al., PRC 77 042201(R) (2008), CLAS physics database export"
CLAS6_demasi,pi0,p,E25M8,A_LU(phi),1.34,0.168,-0.482,134.308,0.041,0.116,,5.776,yes,"De Masi et al., PRC 77 042201(R) (2008), CLAS physics database export"
CLAS6_demasi,pi0,p,E25M8,A_LU(phi),1.34,0.171,-0.471,163.423,-0.117,0.14,,5.776,yes,"De Masi et al., PRC 77 042201(R) (2008), CLAS physics database export"
CLAS6_demasi,pi0,p,E25M8,A_LU(phi),1.37,0.173,-0.467,197.812,-0.19,0.233,,5.776,yes,"De Masi et al., PRC 77 042201(R) (2008), CLAS physics database export"
CLAS6_demasi,pi0,p,E25M8,A_LU(phi),1.34,0.165,-0.468,226.721,0.0,0.141,,5.776,yes,"De Masi et al., PRC 77 042201(R) (2008), CLAS physics database export"
CLAS6_demasi,pi0,p,E25M8,A_LU(phi),1.36,0.173,-0.485,259.241,-0.167,0.057,,5.776,yes,"De Masi et al., PRC 77 042201(R) (2008), CLAS physics database export"
CLAS6_demasi,pi0,p,E25M8,A_LU(phi),1.36,0.177,-0.495,283.998,-0.061,0.045,,5.776,yes,"De Masi et al., PRC 77 042201(R) (2008), CLAS physics database export"
CLAS6_demasi,pi0,p,E25M8,A_LU(phi),1.35,0.18,-0.503,312.788,0.017,0.074,,5.776,yes,"De Masi et al., PRC 77 042201(R) (2008), CLAS physics database export"
CLAS6_demasi,pi0,p,E25M8,A_LU(phi),1.36,0.184,-0.491,332.32,-1.232,1.055,,5.776,yes,"De Masi et al., PRC 77 042201(R) (2008), CLAS physics database export"
CLAS6_demasi,pi0,p,E25M9,A_LU(phi),1.35,0.173,-0.858,22.154,0.037,0.189,,5.776,yes,"De Masi et al., PRC 77 042201(R) (2008), CLAS physics database export"
CLAS6_demasi,pi0,p,E25M9,A_LU(phi),1.35,0.177,-0.787,46.502,0.09,0.049,,5.776,yes,"De Masi et al., PRC 77 042201(R) (2008), CLAS physics database export"
CLAS6_demasi,pi0,p,E25M9,A_LU(phi),1.35,0.174,-0.772,72.032,0.07,0.049,,5.776,yes,"De Masi et al., PRC 77 042201(R) (2008), CLAS physics database export"
CLAS6_demasi,pi0,p,E25M9,A_LU(phi),1.36,0.171,-0.712,100.158,0.0,0.094,,5.776,yes,"De Masi et al., PRC 77 042201(R) (2008), CLAS physics database export"
CLAS6_demasi,pi0,p,E25M9,A_LU(phi),1.34,0.169,-0.712,136.638,-0.168,0.232,,5.776,yes,"De Masi et al., PRC 77 042201(R) (2008), CLAS physics database export"
CLAS6_demasi,pi0,p,E25M9,A_LU(phi),1.36,0.178,-0.759,167.058,-0.057,0.216,,5.776,yes,"De Masi et al., PRC 77 042201(R) (2008), CLAS physics database export"
CLAS6_demasi,pi0,p,E25M9,A_LU(phi),1.32,0.179,-0.828,188.711,-0.179,0.403,,5.776,yes,"De Masi et al., PRC 77 042201(R) (2008), CLAS physics database export"
CLAS6_demasi,pi0,p,E25M9,A_LU(phi),1.35,0.168,-0.777,227.996,-0.423,0.346,,5.776,yes,"De Masi et al., PRC 77 042201(R) (2008), CLAS physics database export"
CLAS6_demasi,pi0,p,E25M9,A_LU(phi),1.35,0.172,-0.732,261.33,0.063,0.083,,5.776,yes,"De Masi et al., PRC 77 042201(R) (2008), CLAS physics database export"
CLAS6_demasi,pi0,p,E25M9,A_LU(phi),1.36,0.174,-0.77,286.41,-0.037,0.046,,5.776,yes,"De Masi et al., PRC 77 042201(R) (2008), CLAS physics database export"
CLAS6_demasi,pi0,p,E25M9,A_LU(phi),1.36,0.176,-0.798,313.219,-0.05,0.059,,5.776,yes,"De Masi et al., PRC 77 042201(R) (2008), CLAS physics database export"
CLAS6_demasi,pi0,p,E25M9,A_LU(phi),1.34,0.173,-0.85,337.832,-0.015,0.168,,5.776,yes,"De Masi et al., PRC 77 042201(R) (2008), CLAS physics database export"
CLAS6_demasi,pi0,p,E25M10,A_LU(phi),1.34,0.175,-1.355,14.477,-0.219,0.1,,5.776,yes,"De Masi et al., PRC 77 042201(R) (2008), CLAS physics database export"
CLAS6_demasi,pi0,p,E25M10,A_LU(phi),1.36,0.176,-1.27,45.298,0.076,0.058,,5.776,yes,"De Masi et al., PRC 77 042201(R) (2008), CLAS physics database export"
CLAS6_demasi,pi0,p,E25M10,A_LU(phi),1.36,0.175,-1.208,71.306,-0.022,0.084,,5.776,yes,"De Masi et al., PRC 77 042201(R) (2008), CLAS physics database export"
CLAS6_demasi,pi0,p,E25M10,A_LU(phi),1.34,0.177,-1.35,104.502,0.16,0.18,,5.776,yes,"De Masi et al., PRC 77 042201(R) (2008), CLAS physics database export"
CLAS6_demasi,pi0,p,E25M10,A_LU(phi),1.47,0.188,-1.45,137.362,0.311,0.454,,5.776,yes,"De Masi et al., PRC 77 042201(R) (2008), CLAS physics database export"
CLAS6_demasi,pi0,p,E25M10,A_LU(phi),1.35,0.178,-1.341,166.343,0.244,0.176,,5.776,yes,"De Masi et al., PRC 77 042201(R) (2008), CLAS physics database export"
CLAS6_demasi,pi0,p,E25M10,A_LU(phi),1.34,0.178,-1.291,192.903,-0.126,0.31,,5.776,yes,"De Masi et al., PRC 77 042201(R) (2008), CLAS physics database export"
CLAS6_demasi,pi0,p,E25M10,A_LU(phi),1.27,0.171,-1.451,233.498,-0.471,0.355,,5.776,yes,"De Masi et al., PRC 77 042201(R) (2008), CLAS physics database export"
CLAS6_demasi,pi0,p,E25M10,A_LU(phi),1.36,0.178,-1.403,259.849,0.063,0.147,,5.776,yes,"De Masi et al., PRC 77 042201(R) (2008), CLAS physics database export"
CLAS6_demasi,pi0,p,E25M10,A_LU(phi),1.35,0.174,-1.172,287.352,-0.034,0.086,,5.776,yes,"De Masi et al., PRC 77 042201(R) (2008), CLAS physics database export"
CLAS6_demasi,pi0,p,E25M10,A_LU(phi),1.35,0.174,-1.251,314.447,0.018,0.07,,5.776,yes,"De Masi et al., PRC 77 042201(R) (2008), CLAS physics database export"
CLAS6_demasi,pi0,p,E25M10,A_LU(phi),1.34,0.175,-1.327,343.78,-0.078,0.082,,5.776,yes,"De Masi et al., PRC 77 042201(R) (2008), CLAS physics database export"
CLAS6_demasi,pi0,p,E25M11,A_LU(phi),1.63,0.195,-0.107,17.219,5.708,18.88,,5.776,yes,"De Masi et al., PRC 77 042201(R) (2008), CLAS physics database export"
CLAS6_demasi,pi0,p,E25M11,A_LU(phi),1.58,0.183,-0.149,51.357,0.237,0.19,,5.776,yes,"De Masi et al., PRC 77 042201(R) (2008), CLAS physics database export"
CLAS6_demasi,pi0,p,E25M11,A_LU(phi),1.55,0.177,-0.149,76.918,0.025,0.079,,5.776,yes,"De Masi et al., PRC 77 042201(R) (2008), CLAS physics database export"
CLAS6_demasi,pi0,p,E25M11,A_LU(phi),1.55,0.177,-0.152,103.591,0.023,0.067,,5.776,yes,"De Masi et al., PRC 77 042201(R) (2008), CLAS physics database export"
CLAS6_demasi,pi0,p,E25M11,A_LU(phi),1.53,0.174,-0.151,136.833,-0.008,0.071,,5.776,yes,"De Masi et al., PRC 77 042201(R) (2008), CLAS physics database export"
CLAS6_demasi,pi0,p,E25M11,A_LU(phi),1.54,0.176,-0.152,163.685,-0.107,0.079,,5.776,yes,"De Masi et al., PRC 77 042201(R) (2008), CLAS physics database export"
CLAS6_demasi,pi0,p,E25M11,A_LU(phi),1.56,0.176,-0.147,196.034,-0.068,0.073,,5.776,yes,"De Masi et al., PRC 77 042201(R) (2008), CLAS physics database export"
CLAS6_demasi,pi0,p,E25M11,A_LU(phi),1.55,0.177,-0.153,224.942,0.06,0.072,,5.776,yes,"De Masi et al., PRC 77 042201(R) (2008), CLAS physics database export"
CLAS6_demasi,pi0,p,E25M11,A_LU(phi),1.54,0.175,-0.153,256.064,0.026,0.063,,5.776,yes,"De Masi et al., PRC 77 042201(R) (2008), CLAS physics database export"
CLAS6_demasi,pi0,p,E25M11,A_LU(phi),1.55,0.177,-0.152,281.872,-0.009,0.081,,5.776,yes,"De Masi et al., PRC 77 042201(R) (2008), CLAS physics database export"
CLAS6_demasi,pi0,p,E25M11,A_LU(phi),1.56,0.181,-0.143,307.631,0.085,0.222,,5.776,yes,"De Masi et al., PRC 77 042201(R) (2008), CLAS physics database export"
CLAS6_demasi,pi0,p,E25M11,A_LU(phi),1.59,0.192,-0.113,345.333,0.425,0.635,,5.776,yes,"De Masi et al., PRC 77 042201(R) (2008), CLAS physics database export"
CLAS6_demasi,pi0,p,E25M12,A_LU(phi),1.57,0.182,-0.294,51.673,0.321,0.111,,5.776,yes,"De Masi et al., PRC 77 042201(R) (2008), CLAS physics database export"
CLAS6_demasi,pi0,p,E25M12,A_LU(phi),1.57,0.179,-0.297,75.342,0.06,0.05,,5.776,yes,"De Masi et al., PRC 77 042201(R) (2008), CLAS physics database export"
CLAS6_demasi,pi0,p,E25M12,A_LU(phi),1.55,0.178,-0.298,103.257,0.151,0.044,,5.776,yes,"De Masi et al., PRC 77 042201(R) (2008), CLAS physics database export"
CLAS6_demasi,pi0,p,E25M12,A_LU(phi),1.56,0.177,-0.292,134.321,0.031,0.052,,5.776,yes,"De Masi et al., PRC 77 042201(R) (2008), CLAS physics database export"
CLAS6_demasi,pi0,p,E25M12,A_LU(phi),1.55,0.176,-0.294,164.355,0.071,0.054,,5.776,yes,"De Masi et al., PRC 77 042201(R) (2008), CLAS physics database export"
CLAS6_demasi,pi0,p,E25M12,A_LU(phi),1.55,0.175,-0.29,196.046,-0.033,0.057,,5.776,yes,"De Masi et al., PRC 77 042201(R) (2008), CLAS physics database export"
CLAS6_demasi,pi0,p,E25M12,A_LU(phi),1.55,0.176,-0.296,224.905,-0.052,0.049,,5.776,yes,"De Masi et al., PRC 77 042201(R) (2008), CLAS physics database export"
CLAS6_demasi,pi0,p,E25M12,A_LU(phi),1.55,0.176,-0.292,256.819,-0.071,0.043,,5.776,yes,"De Masi et al., PRC 77 042201(R) (2008), CLAS physics database export"
CLAS6_demasi,pi0,p,E25M12,A_LU(phi),1.55,0.177,-0.299,282.456,-0.045,0.051,,5.776,yes,"De Masi et al., PRC 77 042201(R) (2008), CLAS physics database export"
CLAS6_demasi,pi0,p,E25M12,A_LU(phi),1.59,0.184,-0.312,307.775,0.087,0.13,,5.776,yes,"De Masi et al., PRC 77 042201(R) (2008), CLAS physics database export"
CLAS6_demasi,pi0,p,E25M12,A_LU(phi),1.57,0.186,-0.214,336.482,-1.232,1.742,,5.776,yes,"De Masi et al., PRC 77 042201(R) (2008), CLAS physics database export"
CLAS6_demasi,pi0,p,E25M13,A_LU(phi),1.57,0.185,-0.596,27.076,32.26,576.0,,5.776,yes,"De Masi et al., PRC 77 042201(R) (2008), CLAS physics database export"
CLAS6_demasi,pi0,p,E25M13,A_LU(phi),1.56,0.179,-0.508,49.308,-0.015,0.084,,5.776,yes,"De Masi et al., PRC 77 042201(R) (2008), CLAS physics database export"
CLAS6_demasi,pi0,p,E25M13,A_LU(phi),1.56,0.177,-0.488,75.168,0.052,0.059,,5.776,yes,"De Masi et al., PRC 77 042201(R) (2008), CLAS physics database export"
CLAS6_demasi,pi0,p,E25M13,A_LU(phi),1.57,0.178,-0.493,103.746,0.186,0.055,,5.776,yes,"De Masi et al., PRC 77 042201(R) (2008), CLAS physics database export"
CLAS6_demasi,pi0,p,E25M13,A_LU(phi),1.55,0.176,-0.486,133.259,0.126,0.071,,5.776,yes,"De Masi et al., PRC 77 042201(R) (2008), CLAS physics database export"
CLAS6_demasi,pi0,p,E25M13,A_LU(phi),1.54,0.172,-0.476,164.016,0.051,0.081,,5.776,yes,"De Masi et al., PRC 77 042201(R) (2008), CLAS physics database export"
CLAS6_demasi,pi0,p,E25M13,A_LU(phi),1.55,0.173,-0.483,194.895,0.027,0.082,,5.776,yes,"De Masi et al., PRC 77 042201(R) (2008), CLAS physics database export"
CLAS6_demasi,pi0,p,E25M13,A_LU(phi),1.54,0.173,-0.483,226.254,0.016,0.065,,5.776,yes,"De Masi et al., PRC 77 042201(R) (2008), CLAS physics database export"
CLAS6_demasi,pi0,p,E25M13,A_LU(phi),1.55,0.175,-0.49,256.092,-0.054,0.056,,5.776,yes,"De Masi et al., PRC 77 042201(R) (2008), CLAS physics database export"
CLAS6_demasi,pi0,p,E25M13,A_LU(phi),1.56,0.178,-0.495,283.992,-0.063,0.056,,5.776,yes,"De Masi et al., PRC 77 042201(R) (2008), CLAS physics database export"
CLAS6_demasi,pi0,p,E25M13,A_LU(phi),1.56,0.177,-0.502,308.831,0.065,0.102,,5.776,yes,"De Masi et al., PRC 77 042201(R) (2008), CLAS physics database export"
CLAS6_demasi,pi0,p,E25M13,A_LU(phi),1.43,0.159,-0.56,340.647,-1.202,1.7,,5.776,yes,"De Masi et al., PRC 77 042201(R) (2008), CLAS physics database export"
CLAS6_demasi,pi0,p,E25M14,A_LU(phi),1.54,0.174,-0.852,22.041,-0.08,0.164,,5.776,yes,"De Masi et al., PRC 77 042201(R) (2008), CLAS physics database export"
CLAS6_demasi,pi0,p,E25M14,A_LU(phi),1.55,0.177,-0.791,46.534,0.058,0.056,,5.776,yes,"De Masi et al., PRC 77 042201(R) (2008), CLAS physics database export"
CLAS6_demasi,pi0,p,E25M14,A_LU(phi),1.54,0.176,-0.771,73.556,0.114,0.055,,5.776,yes,"De Masi et al., PRC 77 042201(R) (2008), CLAS physics database export"
CLAS6_demasi,pi0,p,E25M14,A_LU(phi),1.56,0.176,-0.742,102.906,0.019,0.06,,5.776,yes,"De Masi et al., PRC 77 042201(R) (2008), CLAS physics database export"
CLAS6_demasi,pi0,p,E25M14,A_LU(phi),1.57,0.175,-0.724,132.656,-0.017,0.106,,5.776,yes,"De Masi et al., PRC 77 042201(R) (2008), CLAS physics database export"
CLAS6_demasi,pi0,p,E25M14,A_LU(phi),1.51,0.17,-0.769,165.091,0.079,0.147,,5.776,yes,"De Masi et al., PRC 77 042201(R) (2008), CLAS physics database export"
CLAS6_demasi,pi0,p,E25M14,A_LU(phi),1.58,0.176,-0.726,192.747,0.0,0.165,,5.776,yes,"De Masi et al., PRC 77 042201(R) (2008), CLAS physics database export"
CLAS6_demasi,pi0,p,E25M14,A_LU(phi),1.56,0.173,-0.718,226.086,-0.199,0.102,,5.776,yes,"De Masi et al., PRC 77 042201(R) (2008), CLAS physics database export"
CLAS6_demasi,pi0,p,E25M14,A_LU(phi),1.56,0.176,-0.745,257.616,-0.018,0.058,,5.776,yes,"De Masi et al., PRC 77 042201(R) (2008), CLAS physics database export"
CLAS6_demasi,pi0,p,E25M14,A_LU(phi),1.55,0.176,-0.776,283.586,-0.025,0.049,,5.776,yes,"De Masi et al., PRC 77 042201(R) (2008), CLAS physics database export"
CLAS6_demasi,pi0,p,E25M14,A_LU(phi),1.56,0.177,-0.769,313.068,0.026,0.065,,5.776,yes,"De Masi et al., PRC 77 042201(R) (2008), CLAS physics database export"
CLAS6_demasi,pi0,p,E25M14,A_LU(phi),1.52,0.171,-0.886,339.911,-0.044,0.147,,5.776,yes,"De Masi et al., PRC 77 042201(R) (2008), CLAS physics database export"
CLAS6_demasi,pi0,p,E25M15,A_LU(phi),1.54,0.175,-1.314,15.405,0.136,0.083,,5.776,yes,"De Masi et al., PRC 77 042201(R) (2008), CLAS physics database export"
CLAS6_demasi,pi0,p,E25M15,A_LU(phi),1.54,0.175,-1.299,46.462,0.016,0.059,,5.776,yes,"De Masi et al., PRC 77 042201(R) (2008), CLAS physics database export"
CLAS6_demasi,pi0,p,E25M15,A_LU(phi),1.56,0.175,-1.226,72.962,0.053,0.075,,5.776,yes,"De Masi et al., PRC 77 042201(R) (2008), CLAS physics database export"
CLAS6_demasi,pi0,p,E25M15,A_LU(phi),1.57,0.174,-1.174,102.782,0.0,0.162,,5.776,yes,"De Masi et al., PRC 77 042201(R) (2008), CLAS physics database export"
CLAS6_demasi,pi0,p,E25M15,A_LU(phi),1.55,0.178,-1.255,132.359,0.181,0.342,,5.776,yes,"De Masi et al., PRC 77 042201(R) (2008), CLAS physics database export"
CLAS6_demasi,pi0,p,E25M15,A_LU(phi),1.56,0.175,-1.263,164.411,-0.581,0.282,,5.776,yes,"De Masi et al., PRC 77 042201(R) (2008), CLAS physics database export"
CLAS6_demasi,pi0,p,E25M15,A_LU(phi),1.47,0.172,-1.283,192.446,0.423,0.493,,5.776,yes,"De Masi et al., PRC 77 042201(R) (2008), CLAS physics database export"
CLAS6_demasi,pi0,p,E25M15,A_LU(phi),1.61,0.186,-1.284,228.862,0.474,0.337,,5.776,yes,"De Masi et al., PRC 77 042201(R) (2008), CLAS physics database export"
CLAS6_demasi,pi0,p,E25M15,A_LU(phi),1.53,0.172,-1.204,260.489,-0.137,0.146,,5.776,yes,"De Masi et al., PRC 77 042201(R) (2008), CLAS physics database export"
CLAS6_demasi,pi0,p,E25M15,A_LU(phi),1.56,0.177,-1.231,287.108,-0.024,0.066,,5.776,yes,"De Masi et al., PRC 77 042201(R) (2008), CLAS physics database export"
CLAS6_demasi,pi0,p,E25M15,A_LU(phi),1.55,0.175,-1.307,314.781,0.017,0.067,,5.776,yes,"De Masi et al., PRC 77 042201(R) (2008), CLAS physics database export"
CLAS6_demasi,pi0,p,E25M15,A_LU(phi),1.54,0.175,-1.381,342.623,-0.015,0.071,,5.776,yes,"De Masi et al., PRC 77 042201(R) (2008), CLAS physics database export"
CLAS6_demasi,pi0,p,E25M16,A_LU(phi),1.69,0.248,-0.148,17.152,0.024,0.054,,5.776,yes,"De Masi et al., PRC 77 042201(R) (2008), CLAS physics database export"
CLAS6_demasi,pi0,p,E25M16,A_LU(phi),1.67,0.247,-0.152,44.749,0.075,0.043,,5.776,yes,"De Masi et al., PRC 77 042201(R) (2008), CLAS physics database export"
CLAS6_demasi,pi0,p,E25M16,A_LU(phi),1.65,0.241,-0.154,74.07,0.01,0.05,,5.776,yes,"De Masi et al., PRC 77 042201(R) (2008), CLAS physics database export"
CLAS6_demasi,pi0,p,E25M16,A_LU(phi),1.65,0.237,-0.153,103.613,0.139,0.052,,5.776,yes,"De Masi et al., PRC 77 042201(R) (2008), CLAS physics database export"
CLAS6_demasi,pi0,p,E25M16,A_LU(phi),1.6,0.226,-0.149,133.544,0.021,0.095,,5.776,yes,"De Masi et al., PRC 77 042201(R) (2008), CLAS physics database export"
CLAS6_demasi,pi0,p,E25M16,A_LU(phi),1.6,0.221,-0.151,163.058,0.0,0.121,,5.776,yes,"De Masi et al., PRC 77 042201(R) (2008), CLAS physics database export"
CLAS6_demasi,pi0,p,E25M16,A_LU(phi),1.6,0.22,-0.148,198.356,-0.154,0.122,,5.776,yes,"De Masi et al., PRC 77 042201(R) (2008), CLAS physics database export"
CLAS6_demasi,pi0,p,E25M16,A_LU(phi),1.59,0.222,-0.149,227.747,0.188,0.098,,5.776,yes,"De Masi et al., PRC 77 042201(R) (2008), CLAS physics database export"
CLAS6_demasi,pi0,p,E25M16,A_LU(phi),1.64,0.234,-0.152,256.899,-0.025,0.049,,5.776,yes,"De Masi et al., PRC 77 042201(R) (2008), CLAS physics database export"
CLAS6_demasi,pi0,p,E25M16,A_LU(phi),1.67,0.242,-0.15,284.252,-0.029,0.051,,5.776,yes,"De Masi et al., PRC 77 042201(R) (2008), CLAS physics database export"
CLAS6_demasi,pi0,p,E25M16,A_LU(phi),1.66,0.245,-0.147,315.322,-0.028,0.043,,5.776,yes,"De Masi et al., PRC 77 042201(R) (2008), CLAS physics database export"
CLAS6_demasi,pi0,p,E25M16,A_LU(phi),1.68,0.251,-0.152,343.195,-0.073,0.056,,5.776,yes,"De Masi et al., PRC 77 042201(R) (2008), CLAS physics database export"
CLAS6_demasi,pi0,p,E25M17,A_LU(phi),1.73,0.262,-0.281,18.482,0.002,0.05,,5.776,yes,"De Masi et al., PRC 77 042201(R) (2008), CLAS physics database export"
CLAS6_demasi,pi0,p,E25M17,A_LU(phi),1.68,0.25,-0.298,46.559,0.077,0.029,,5.776,yes,"De Masi et al., PRC 77 042201(R) (2008), CLAS physics database export"
CLAS6_demasi,pi0,p,E25M17,A_LU(phi),1.68,0.245,-0.297,72.994,0.046,0.032,,5.776,yes,"De Masi et al., PRC 77 042201(R) (2008), CLAS physics database export"
CLAS6_demasi,pi0,p,E25M17,A_LU(phi),1.66,0.236,-0.279,102.713,0.036,0.045,,5.776,yes,"De Masi et al., PRC 77 042201(R) (2008), CLAS physics database export"
CLAS6_demasi,pi0,p,E25M17,A_LU(phi),1.66,0.241,-0.277,133.105,-0.062,0.083,,5.776,yes,"De Masi et al., PRC 77 042201(R) (2008), CLAS physics database export"
CLAS6_demasi,pi0,p,E25M17,A_LU(phi),1.64,0.243,-0.302,163.827,0.082,0.083,,5.776,yes,"De Masi et al., PRC 77 042201(R) (2008), CLAS physics database export"
CLAS6_demasi,pi0,p,E25M17,A_LU(phi),1.64,0.242,-0.284,197.208,0.009,0.106,,5.776,yes,"De Masi et al., PRC 77 042201(R) (2008), CLAS physics database export"
CLAS6_demasi,pi0,p,E25M17,A_LU(phi),1.67,0.242,-0.278,225.686,0.146,0.091,,5.776,yes,"De Masi et al., PRC 77 042201(R) (2008), CLAS physics database export"
CLAS6_demasi,pi0,p,E25M17,A_LU(phi),1.67,0.236,-0.275,259.38,-0.131,0.044,,5.776,yes,"De Masi et al., PRC 77 042201(R) (2008), CLAS physics database export"
CLAS6_demasi,pi0,p,E25M17,A_LU(phi),1.68,0.244,-0.296,284.535,-0.125,0.031,,5.776,yes,"De Masi et al., PRC 77 042201(R) (2008), CLAS physics database export"
CLAS6_demasi,pi0,p,E25M17,A_LU(phi),1.68,0.251,-0.295,315.228,-0.068,0.032,,5.776,yes,"De Masi et al., PRC 77 042201(R) (2008), CLAS physics database export"
CLAS6_demasi,pi0,p,E25M17,A_LU(phi),1.72,0.263,-0.28,342.385,-0.019,0.046,,5.776,yes,"De Masi et al., PRC 77 042201(R) (2008), CLAS physics database export"
CLAS6_demasi,pi0,p,E25M18,A_LU(phi),1.75,0.272,-0.478,20.448,-0.137,0.094,,5.776,yes,"De Masi et al., PRC 77 042201(R) (2008), CLAS physics database export"
CLAS6_demasi,pi0,p,E25M18,A_LU(phi),1.7,0.253,-0.492,46.23,0.139,0.035,,5.776,yes,"De Masi et al., PRC 77 042201(R) (2008), CLAS physics database export"
CLAS6_demasi,pi0,p,E25M18,A_LU(phi),1.7,0.246,-0.493,71.09,0.096,0.04,,5.776,yes,"De Masi et al., PRC 77 042201(R) (2008), CLAS physics database export"
CLAS6_demasi,pi0,p,E25M18,A_LU(phi),1.65,0.229,-0.466,102.089,0.14,0.098,,5.776,yes,"De Masi et al., PRC 77 042201(R) (2008), CLAS physics database export"
CLAS6_demasi,pi0,p,E25M18,A_LU(phi),1.67,0.255,-0.485,136.014,0.24,0.15,,5.776,yes,"De Masi et al., PRC 77 042201(R) (2008), CLAS physics database export"
CLAS6_demasi,pi0,p,E25M18,A_LU(phi),1.68,0.258,-0.487,165.961,-0.137,0.106,,5.776,yes,"De Masi et al., PRC 77 042201(R) (2008), CLAS physics database export"
CLAS6_demasi,pi0,p,E25M18,A_LU(phi),1.68,0.255,-0.486,195.686,-0.106,0.139,,5.776,yes,"De Masi et al., PRC 77 042201(R) (2008), CLAS physics database export"
CLAS6_demasi,pi0,p,E25M18,A_LU(phi),1.74,0.262,-0.488,220.393,-0.191,0.171,,5.776,yes,"De Masi et al., PRC 77 042201(R) (2008), CLAS physics database export"
CLAS6_demasi,pi0,p,E25M18,A_LU(phi),1.65,0.231,-0.478,262.106,0.106,0.09,,5.776,yes,"De Masi et al., PRC 77 042201(R) (2008), CLAS physics database export"
CLAS6_demasi,pi0,p,E25M18,A_LU(phi),1.69,0.243,-0.49,286.095,-0.103,0.039,,5.776,yes,"De Masi et al., PRC 77 042201(R) (2008), CLAS physics database export"
CLAS6_demasi,pi0,p,E25M18,A_LU(phi),1.7,0.253,-0.494,314.66,-0.058,0.039,,5.776,yes,"De Masi et al., PRC 77 042201(R) (2008), CLAS physics database export"
CLAS6_demasi,pi0,p,E25M18,A_LU(phi),1.76,0.274,-0.485,338.755,-0.017,0.077,,5.776,yes,"De Masi et al., PRC 77 042201(R) (2008), CLAS physics database export"
CLAS6_demasi,pi0,p,E25M19,A_LU(phi),1.71,0.26,-0.769,23.901,0.157,0.095,,5.776,yes,"De Masi et al., PRC 77 042201(R) (2008), CLAS physics database export"
CLAS6_demasi,pi0,p,E25M19,A_LU(phi),1.69,0.251,-0.782,46.458,0.087,0.033,,5.776,yes,"De Masi et al., PRC 77 042201(R) (2008), CLAS physics database export"
CLAS6_demasi,pi0,p,E25M19,A_LU(phi),1.69,0.246,-0.76,70.491,0.053,0.044,,5.776,yes,"De Masi et al., PRC 77 042201(R) (2008), CLAS physics database export"
CLAS6_demasi,pi0,p,E25M19,A_LU(phi),1.72,0.251,-0.736,102.278,0.093,0.175,,5.776,yes,"De Masi et al., PRC 77 042201(R) (2008), CLAS physics database export"
CLAS6_demasi,pi0,p,E25M19,A_LU(phi),1.72,0.269,-0.783,136.333,0.0,0.15,,5.776,yes,"De Masi et al., PRC 77 042201(R) (2008), CLAS physics database export"
CLAS6_demasi,pi0,p,E25M19,A_LU(phi),1.7,0.261,-0.791,166.257,0.146,0.092,,5.776,yes,"De Masi et al., PRC 77 042201(R) (2008), CLAS physics database export"
CLAS6_demasi,pi0,p,E25M19,A_LU(phi),1.65,0.258,-0.772,190.655,0.023,0.132,,5.776,yes,"De Masi et al., PRC 77 042201(R) (2008), CLAS physics database export"
CLAS6_demasi,pi0,p,E25M19,A_LU(phi),1.76,0.278,-0.837,217.932,-0.179,0.165,,5.776,yes,"De Masi et al., PRC 77 042201(R) (2008), CLAS physics database export"
CLAS6_demasi,pi0,p,E25M19,A_LU(phi),1.67,0.246,-0.816,259.691,-0.063,0.087,,5.776,yes,"De Masi et al., PRC 77 042201(R) (2008), CLAS physics database export"
CLAS6_demasi,pi0,p,E25M19,A_LU(phi),1.69,0.246,-0.752,287.222,-0.023,0.041,,5.776,yes,"De Masi et al., PRC 77 042201(R) (2008), CLAS physics database export"
CLAS6_demasi,pi0,p,E25M19,A_LU(phi),1.7,0.253,-0.772,314.745,-0.123,0.036,,5.776,yes,"De Masi et al., PRC 77 042201(R) (2008), CLAS physics database export"
CLAS6_demasi,pi0,p,E25M19,A_LU(phi),1.7,0.262,-0.773,334.651,-0.12,0.105,,5.776,yes,"De Masi et al., PRC 77 042201(R) (2008), CLAS physics database export"
CLAS6_demasi,pi0,p,E25M20,A_LU(phi),1.67,0.249,-1.397,17.007,-0.163,0.081,,5.776,yes,"De Masi et al., PRC 77 042201(R) (2008), CLAS physics database export"
CLAS6_demasi,pi0,p,E25M20,A_LU(phi),1.7,0.252,-1.261,44.374,0.113,0.044,,5.776,yes,"De Masi et al., PRC 77 042201(R) (2008), CLAS physics database export"
CLAS6_demasi,pi0,p,E25M20,A_LU(phi),1.7,0.257,-1.305,73.376,-0.003,0.062,,5.776,yes,"De Masi et al., PRC 77 042201(R) (2008), CLAS physics database export"
CLAS6_demasi,pi0,p,E25M20,A_LU(phi),1.67,0.256,-1.434,100.69,0.015,0.102,,5.776,yes,"De Masi et al., PRC 77 042201(R) (2008), CLAS physics database export"
CLAS6_demasi,pi0,p,E25M20,A_LU(phi),1.72,0.267,-1.36,137.116,0.037,0.125,,5.776,yes,"De Masi et al., PRC 77 042201(R) (2008), CLAS physics database export"
CLAS6_demasi,pi0,p,E25M20,A_LU(phi),1.64,0.246,-1.308,166.465,-0.031,0.106,,5.776,yes,"De Masi et al., PRC 77 042201(R) (2008), CLAS physics database export"
CLAS6_demasi,pi0,p,E25M20,A_LU(phi),1.69,0.257,-1.334,193.801,0.192,0.123,,5.776,yes,"De Masi et al., PRC 77 042201(R) (2008), CLAS physics database export"
CLAS6_demasi,pi0,p,E25M20,A_LU(phi),1.71,0.263,-1.333,221.348,0.034,0.154,,5.776,yes,"De Masi et al., PRC 77 042201(R) (2008), CLAS physics database export"
CLAS6_demasi,pi0,p,E25M20,A_LU(phi),1.69,0.257,-1.388,258.051,0.065,0.066,,5.776,yes,"De Masi et al., PRC 77 042201(R) (2008), CLAS physics database export"
CLAS6_demasi,pi0,p,E25M20,A_LU(phi),1.7,0.257,-1.268,284.389,-0.112,0.065,,5.776,yes,"De Masi et al., PRC 77 042201(R) (2008), CLAS physics database export"
CLAS6_demasi,pi0,p,E25M20,A_LU(phi),1.7,0.25,-1.268,317.302,-0.067,0.049,,5.776,yes,"De Masi et al., PRC 77 042201(R) (2008), CLAS physics database export"
CLAS6_demasi,pi0,p,E25M20,A_LU(phi),1.67,0.25,-1.403,341.825,-0.084,0.073,,5.776,yes,"De Masi et al., PRC 77 042201(R) (2008), CLAS physics database export"
CLAS6_demasi,pi0,p,E25M21,A_LU(phi),1.96,0.254,-0.145,17.781,0.046,0.084,,5.776,yes,"De Masi et al., PRC 77 042201(R) (2008), CLAS physics database export"
CLAS6_demasi,pi0,p,E25M21,A_LU(phi),1.93,0.248,-0.15,43.754,0.14,0.062,,5.776,yes,"De Masi et al., PRC 77 042201(R) (2008), CLAS physics database export"
CLAS6_demasi,pi0,p,E25M21,A_LU(phi),1.92,0.245,-0.158,76.012,0.164,0.063,,5.776,yes,"De Masi et al., PRC 77 042201(R) (2008), CLAS physics database export"
CLAS6_demasi,pi0,p,E25M21,A_LU(phi),1.9,0.242,-0.156,104.406,0.09,0.058,,5.776,yes,"De Masi et al., PRC 77 042201(R) (2008), CLAS physics database export"
CLAS6_demasi,pi0,p,E25M21,A_LU(phi),1.86,0.234,-0.158,133.549,0.039,0.085,,5.776,yes,"De Masi et al., PRC 77 042201(R) (2008), CLAS physics database export"
CLAS6_demasi,pi0,p,E25M21,A_LU(phi),1.82,0.226,-0.16,163.39,-0.007,0.102,,5.776,yes,"De Masi et al., PRC 77 042201(R) (2008), CLAS physics database export"
CLAS6_demasi,pi0,p,E25M21,A_LU(phi),1.84,0.228,-0.154,198.411,-0.092,0.086,,5.776,yes,"De Masi et al., PRC 77 042201(R) (2008), CLAS physics database export"
CLAS6_demasi,pi0,p,E25M21,A_LU(phi),1.88,0.235,-0.151,226.115,0.014,0.079,,5.776,yes,"De Masi et al., PRC 77 042201(R) (2008), CLAS physics database export"
CLAS6_demasi,pi0,p,E25M21,A_LU(phi),1.87,0.236,-0.152,255.668,-0.074,0.054,,5.776,yes,"De Masi et al., PRC 77 042201(R) (2008), CLAS physics database export"
CLAS6_demasi,pi0,p,E25M21,A_LU(phi),1.92,0.245,-0.156,284.924,-0.099,0.057,,5.776,yes,"De Masi et al., PRC 77 042201(R) (2008), CLAS physics database export"
CLAS6_demasi,pi0,p,E25M21,A_LU(phi),1.93,0.248,-0.149,315.179,-0.123,0.064,,5.776,yes,"De Masi et al., PRC 77 042201(R) (2008), CLAS physics database export"
CLAS6_demasi,pi0,p,E25M21,A_LU(phi),1.98,0.257,-0.15,344.58,-0.055,0.089,,5.776,yes,"De Masi et al., PRC 77 042201(R) (2008), CLAS physics database export"
CLAS6_demasi,pi0,p,E25M22,A_LU(phi),2.05,0.271,-0.278,18.907,0.052,0.092,,5.776,yes,"De Masi et al., PRC 77 042201(R) (2008), CLAS physics database export"
CLAS6_demasi,pi0,p,E25M22,A_LU(phi),1.98,0.255,-0.297,47.104,0.093,0.041,,5.776,yes,"De Masi et al., PRC 77 042201(R) (2008), CLAS physics database export"
CLAS6_demasi,pi0,p,E25M22,A_LU(phi),1.94,0.249,-0.294,74.3,0.105,0.037,,5.776,yes,"De Masi et al., PRC 77 042201(R) (2008), CLAS physics database export"
CLAS6_demasi,pi0,p,E25M22,A_LU(phi),1.92,0.244,-0.293,103.777,0.024,0.038,,5.776,yes,"De Masi et al., PRC 77 042201(R) (2008), CLAS physics database export"
CLAS6_demasi,pi0,p,E25M22,A_LU(phi),1.9,0.238,-0.292,132.822,0.109,0.057,,5.776,yes,"De Masi et al., PRC 77 042201(R) (2008), CLAS physics database export"
CLAS6_demasi,pi0,p,E25M22,A_LU(phi),1.87,0.232,-0.279,162.489,-0.018,0.075,,5.776,yes,"De Masi et al., PRC 77 042201(R) (2008), CLAS physics database export"
CLAS6_demasi,pi0,p,E25M22,A_LU(phi),1.88,0.232,-0.274,195.964,-0.048,0.076,,5.776,yes,"De Masi et al., PRC 77 042201(R) (2008), CLAS physics database export"
CLAS6_demasi,pi0,p,E25M22,A_LU(phi),1.9,0.239,-0.279,225.895,-0.107,0.056,,5.776,yes,"De Masi et al., PRC 77 042201(R) (2008), CLAS physics database export"
CLAS6_demasi,pi0,p,E25M22,A_LU(phi),1.93,0.246,-0.297,257.365,-0.086,0.037,,5.776,yes,"De Masi et al., PRC 77 042201(R) (2008), CLAS physics database export"
CLAS6_demasi,pi0,p,E25M22,A_LU(phi),1.92,0.246,-0.298,283.349,-0.074,0.034,,5.776,yes,"De Masi et al., PRC 77 042201(R) (2008), CLAS physics database export"
CLAS6_demasi,pi0,p,E25M22,A_LU(phi),1.97,0.255,-0.295,313.507,-0.122,0.043,,5.776,yes,"De Masi et al., PRC 77 042201(R) (2008), CLAS physics database export"
CLAS6_demasi,pi0,p,E25M22,A_LU(phi),2.05,0.274,-0.271,343.018,0.033,0.09,,5.776,yes,"De Masi et al., PRC 77 042201(R) (2008), CLAS physics database export"
CLAS6_demasi,pi0,p,E25M23,A_LU(phi),2.05,0.272,-0.478,25.16,-0.078,0.259,,5.776,yes,"De Masi et al., PRC 77 042201(R) (2008), CLAS physics database export"
CLAS6_demasi,pi0,p,E25M23,A_LU(phi),1.97,0.254,-0.492,47.917,0.122,0.045,,5.776,yes,"De Masi et al., PRC 77 042201(R) (2008), CLAS physics database export"
CLAS6_demasi,pi0,p,E25M23,A_LU(phi),1.94,0.248,-0.494,74.27,0.06,0.041,,5.776,yes,"De Masi et al., PRC 77 042201(R) (2008), CLAS physics database export"
CLAS6_demasi,pi0,p,E25M23,A_LU(phi),1.9,0.239,-0.48,102.658,-0.006,0.052,,5.776,yes,"De Masi et al., PRC 77 042201(R) (2008), CLAS physics database export"
CLAS6_demasi,pi0,p,E25M23,A_LU(phi),1.88,0.232,-0.474,132.072,0.075,0.112,,5.776,yes,"De Masi et al., PRC 77 042201(R) (2008), CLAS physics database export"
CLAS6_demasi,pi0,p,E25M23,A_LU(phi),1.87,0.234,-0.472,163.604,0.227,0.151,,5.776,yes,"De Masi et al., PRC 77 042201(R) (2008), CLAS physics database export"
CLAS6_demasi,pi0,p,E25M23,A_LU(phi),1.89,0.236,-0.497,194.822,-0.238,0.227,,5.776,yes,"De Masi et al., PRC 77 042201(R) (2008), CLAS physics database export"
CLAS6_demasi,pi0,p,E25M23,A_LU(phi),1.88,0.231,-0.476,226.811,-0.16,0.114,,5.776,yes,"De Masi et al., PRC 77 042201(R) (2008), CLAS physics database export"
CLAS6_demasi,pi0,p,E25M23,A_LU(phi),1.92,0.241,-0.49,259.22,-0.03,0.053,,5.776,yes,"De Masi et al., PRC 77 042201(R) (2008), CLAS physics database export"
CLAS6_demasi,pi0,p,E25M23,A_LU(phi),1.94,0.247,-0.493,284.045,-0.055,0.038,,5.776,yes,"De Masi et al., PRC 77 042201(R) (2008), CLAS physics database export"
CLAS6_demasi,pi0,p,E25M23,A_LU(phi),1.98,0.256,-0.491,312.61,-0.074,0.049,,5.776,yes,"De Masi et al., PRC 77 042201(R) (2008), CLAS physics database export"
CLAS6_demasi,pi0,p,E25M23,A_LU(phi),2.06,0.28,-0.469,335.22,0.034,0.243,,5.776,yes,"De Masi et al., PRC 77 042201(R) (2008), CLAS physics database export"
CLAS6_demasi,pi0,p,E25M24,A_LU(phi),1.94,0.247,-0.821,26.261,-0.097,0.167,,5.776,yes,"De Masi et al., PRC 77 042201(R) (2008), CLAS physics database export"
CLAS6_demasi,pi0,p,E25M24,A_LU(phi),1.96,0.251,-0.779,47.119,0.04,0.04,,5.776,yes,"De Masi et al., PRC 77 042201(R) (2008), CLAS physics database export"
CLAS6_demasi,pi0,p,E25M24,A_LU(phi),1.95,0.249,-0.762,72.577,0.026,0.041,,5.776,yes,"De Masi et al., PRC 77 042201(R) (2008), CLAS physics database export"
CLAS6_demasi,pi0,p,E25M24,A_LU(phi),1.89,0.234,-0.715,99.799,0.151,0.083,,5.776,yes,"De Masi et al., PRC 77 042201(R) (2008), CLAS physics database export"
CLAS6_demasi,pi0,p,E25M24,A_LU(phi),2.0,0.26,-0.755,133.082,0.2,0.228,,5.776,yes,"De Masi et al., PRC 77 042201(R) (2008), CLAS physics database export"
CLAS6_demasi,pi0,p,E25M24,A_LU(phi),1.99,0.256,-0.717,166.356,-0.065,0.179,,5.776,yes,"De Masi et al., PRC 77 042201(R) (2008), CLAS physics database export"
CLAS6_demasi,pi0,p,E25M24,A_LU(phi),1.97,0.259,-0.856,193.772,0.139,0.226,,5.776,yes,"De Masi et al., PRC 77 042201(R) (2008), CLAS physics database export"
CLAS6_demasi,pi0,p,E25M24,A_LU(phi),1.93,0.245,-0.732,226.919,0.236,0.214,,5.776,yes,"De Masi et al., PRC 77 042201(R) (2008), CLAS physics database export"
CLAS6_demasi,pi0,p,E25M24,A_LU(phi),1.91,0.237,-0.737,260.377,-0.073,0.075,,5.776,yes,"De Masi et al., PRC 77 042201(R) (2008), CLAS physics database export"
CLAS6_demasi,pi0,p,E25M24,A_LU(phi),1.94,0.247,-0.766,284.832,-0.075,0.038,,5.776,yes,"De Masi et al., PRC 77 042201(R) (2008), CLAS physics database export"
CLAS6_demasi,pi0,p,E25M24,A_LU(phi),1.96,0.252,-0.784,313.598,-0.082,0.044,,5.776,yes,"De Masi et al., PRC 77 042201(R) (2008), CLAS physics database export"
CLAS6_demasi,pi0,p,E25M24,A_LU(phi),1.9,0.244,-0.843,333.459,-0.566,0.227,,5.776,yes,"De Masi et al., PRC 77 042201(R) (2008), CLAS physics database export"
CLAS6_demasi,pi0,p,E25M25,A_LU(phi),1.92,0.242,-1.404,17.584,0.154,0.08,,5.776,yes,"De Masi et al., PRC 77 042201(R) (2008), CLAS physics database export"
CLAS6_demasi,pi0,p,E25M25,A_LU(phi),1.95,0.25,-1.278,46.569,0.099,0.047,,5.776,yes,"De Masi et al., PRC 77 042201(R) (2008), CLAS physics database export"
CLAS6_demasi,pi0,p,E25M25,A_LU(phi),1.94,0.249,-1.27,71.056,0.066,0.067,,5.776,yes,"De Masi et al., PRC 77 042201(R) (2008), CLAS physics database export"
CLAS6_demasi,pi0,p,E25M25,A_LU(phi),1.96,0.251,-1.328,101.088,-0.024,0.179,,5.776,yes,"De Masi et al., PRC 77 042201(R) (2008), CLAS physics database export"
CLAS6_demasi,pi0,p,E25M25,A_LU(phi),2.0,0.259,-1.325,133.84,-0.254,0.304,,5.776,yes,"De Masi et al., PRC 77 042201(R) (2008), CLAS physics database export"
CLAS6_demasi,pi0,p,E25M25,A_LU(phi),1.88,0.242,-1.296,167.962,0.219,0.241,,5.776,yes,"De Masi et al., PRC 77 042201(R) (2008), CLAS physics database export"
CLAS6_demasi,pi0,p,E25M25,A_LU(phi),1.9,0.246,-1.349,195.709,-0.542,0.328,,5.776,yes,"De Masi et al., PRC 77 042201(R) (2008), CLAS physics database export"
CLAS6_demasi,pi0,p,E25M25,A_LU(phi),2.08,0.272,-1.344,219.902,0.0,0.307,,5.776,yes,"De Masi et al., PRC 77 042201(R) (2008), CLAS physics database export"
CLAS6_demasi,pi0,p,E25M25,A_LU(phi),1.94,0.249,-1.34,258.3,-0.035,0.122,,5.776,yes,"De Masi et al., PRC 77 042201(R) (2008), CLAS physics database export"
CLAS6_demasi,pi0,p,E25M25,A_LU(phi),1.96,0.248,-1.217,287.422,-0.034,0.063,,5.776,yes,"De Masi et al., PRC 77 042201(R) (2008), CLAS physics database export"
CLAS6_demasi,pi0,p,E25M25,A_LU(phi),1.97,0.252,-1.271,314.717,-0.068,0.052,,5.776,yes,"De Masi et al., PRC 77 042201(R) (2008), CLAS physics database export"
CLAS6_demasi,pi0,p,E25M25,A_LU(phi),1.92,0.244,-1.388,341.913,0.075,0.078,,5.776,yes,"De Masi et al., PRC 77 042201(R) (2008), CLAS physics database export"
CLAS6_demasi,pi0,p,E25M26,A_LU(phi),2.27,0.266,-0.144,18.904,-0.194,0.188,,5.776,yes,"De Masi et al., PRC 77 042201(R) (2008), CLAS physics database export"
CLAS6_demasi,pi0,p,E25M26,A_LU(phi),2.2,0.254,-0.149,44.497,0.052,0.102,,5.776,yes,"De Masi et al., PRC 77 042201(R) (2008), CLAS physics database export"
CLAS6_demasi,pi0,p,E25M26,A_LU(phi),2.12,0.241,-0.155,74.692,0.07,0.085,,5.776,yes,"De Masi et al., PRC 77 042201(R) (2008), CLAS physics database export"
CLAS6_demasi,pi0,p,E25M26,A_LU(phi),2.15,0.245,-0.16,103.012,0.174,0.075,,5.776,yes,"De Masi et al., PRC 77 042201(R) (2008), CLAS physics database export"
CLAS6_demasi,pi0,p,E25M26,A_LU(phi),2.1,0.237,-0.159,134.717,0.0,0.104,,5.776,yes,"De Masi et al., PRC 77 042201(R) (2008), CLAS physics database export"
CLAS6_demasi,pi0,p,E25M26,A_LU(phi),2.1,0.24,-0.162,164.474,-0.121,0.131,,5.776,yes,"De Masi et al., PRC 77 042201(R) (2008), CLAS physics database export"
CLAS6_demasi,pi0,p,E25M26,A_LU(phi),2.11,0.239,-0.161,195.615,-0.131,0.087,,5.776,yes,"De Masi et al., PRC 77 042201(R) (2008), CLAS physics database export"
CLAS6_demasi,pi0,p,E25M26,A_LU(phi),2.13,0.243,-0.155,225.885,0.082,0.089,,5.776,yes,"De Masi et al., PRC 77 042201(R) (2008), CLAS physics database export"
CLAS6_demasi,pi0,p,E25M26,A_LU(phi),2.15,0.244,-0.158,256.36,-0.118,0.078,,5.776,yes,"De Masi et al., PRC 77 042201(R) (2008), CLAS physics database export"
CLAS6_demasi,pi0,p,E25M26,A_LU(phi),2.15,0.246,-0.152,282.903,-0.061,0.088,,5.776,yes,"De Masi et al., PRC 77 042201(R) (2008), CLAS physics database export"
CLAS6_demasi,pi0,p,E25M26,A_LU(phi),2.22,0.257,-0.154,313.922,-0.102,0.108,,5.776,yes,"De Masi et al., PRC 77 042201(R) (2008), CLAS physics database export"
CLAS6_demasi,pi0,p,E25M26,A_LU(phi),2.26,0.263,-0.141,340.957,0.122,0.206,,5.776,yes,"De Masi et al., PRC 77 042201(R) (2008), CLAS physics database export"
CLAS6_demasi,pi0,p,E25M27,A_LU(phi),2.38,0.287,-0.279,20.451,0.0,0.294,,5.776,yes,"De Masi et al., PRC 77 042201(R) (2008), CLAS physics database export"
CLAS6_demasi,pi0,p,E25M27,A_LU(phi),2.23,0.259,-0.3,48.472,0.052,0.075,,5.776,yes,"De Masi et al., PRC 77 042201(R) (2008), CLAS physics database export"
CLAS6_demasi,pi0,p,E25M27,A_LU(phi),2.21,0.254,-0.3,76.527,0.02,0.047,,5.776,yes,"De Masi et al., PRC 77 042201(R) (2008), CLAS physics database export"
CLAS6_demasi,pi0,p,E25M27,A_LU(phi),2.19,0.25,-0.296,103.707,0.044,0.042,,5.776,yes,"De Masi et al., PRC 77 042201(R) (2008), CLAS physics database export"
CLAS6_demasi,pi0,p,E25M27,A_LU(phi),2.16,0.245,-0.302,134.169,0.027,0.059,,5.776,yes,"De Masi et al., PRC 77 042201(R) (2008), CLAS physics database export"
CLAS6_demasi,pi0,p,E25M27,A_LU(phi),2.09,0.237,-0.287,163.848,0.117,0.075,,5.776,yes,"De Masi et al., PRC 77 042201(R) (2008), CLAS physics database export"
CLAS6_demasi,pi0,p,E25M27,A_LU(phi),2.2,0.249,-0.29,198.136,0.064,0.056,,5.776,yes,"De Masi et al., PRC 77 042201(R) (2008), CLAS physics database export"
CLAS6_demasi,pi0,p,E25M27,A_LU(phi),2.2,0.251,-0.305,224.996,-0.113,0.051,,5.776,yes,"De Masi et al., PRC 77 042201(R) (2008), CLAS physics database export"
CLAS6_demasi,pi0,p,E25M27,A_LU(phi),2.2,0.252,-0.298,256.273,-0.215,0.043,,5.776,yes,"De Masi et al., PRC 77 042201(R) (2008), CLAS physics database export"
CLAS6_demasi,pi0,p,E25M27,A_LU(phi),2.19,0.251,-0.303,283.327,-0.02,0.045,,5.776,yes,"De Masi et al., PRC 77 042201(R) (2008), CLAS physics database export"
CLAS6_demasi,pi0,p,E25M27,A_LU(phi),2.25,0.261,-0.291,310.422,-0.064,0.074,,5.776,yes,"De Masi et al., PRC 77 042201(R) (2008), CLAS physics database export"
CLAS6_demasi,pi0,p,E25M27,A_LU(phi),2.32,0.283,-0.248,339.467,-0.369,0.267,,5.776,yes,"De Masi et al., PRC 77 042201(R) (2008), CLAS physics database export"
CLAS6_demasi,pi0,p,E25M28,A_LU(phi),2.51,0.299,-0.506,26.455,0.0,1.238,,5.776,yes,"De Masi et al., PRC 77 042201(R) (2008), CLAS physics database export"
CLAS6_demasi,pi0,p,E25M28,A_LU(phi),2.24,0.258,-0.496,49.728,0.169,0.071,,5.776,yes,"De Masi et al., PRC 77 042201(R) (2008), CLAS physics database export"
CLAS6_demasi,pi0,p,E25M28,A_LU(phi),2.21,0.254,-0.498,75.51,0.058,0.052,,5.776,yes,"De Masi et al., PRC 77 042201(R) (2008), CLAS physics database export"
CLAS6_demasi,pi0,p,E25M28,A_LU(phi),2.18,0.249,-0.494,104.075,0.145,0.051,,5.776,yes,"De Masi et al., PRC 77 042201(R) (2008), CLAS physics database export"
CLAS6_demasi,pi0,p,E25M28,A_LU(phi),2.17,0.246,-0.486,132.976,-0.026,0.075,,5.776,yes,"De Masi et al., PRC 77 042201(R) (2008), CLAS physics database export"
CLAS6_demasi,pi0,p,E25M28,A_LU(phi),2.04,0.23,-0.485,164.465,0.015,0.099,,5.776,yes,"De Masi et al., PRC 77 042201(R) (2008), CLAS physics database export"
CLAS6_demasi,pi0,p,E25M28,A_LU(phi),2.22,0.249,-0.486,198.507,-0.017,0.085,,5.776,yes,"De Masi et al., PRC 77 042201(R) (2008), CLAS physics database export"
CLAS6_demasi,pi0,p,E25M28,A_LU(phi),2.22,0.25,-0.494,226.113,-0.025,0.06,,5.776,yes,"De Masi et al., PRC 77 042201(R) (2008), CLAS physics database export"
CLAS6_demasi,pi0,p,E25M28,A_LU(phi),2.21,0.252,-0.487,256.561,-0.098,0.051,,5.776,yes,"De Masi et al., PRC 77 042201(R) (2008), CLAS physics database export"
CLAS6_demasi,pi0,p,E25M28,A_LU(phi),2.21,0.253,-0.494,284.065,-0.06,0.048,,5.776,yes,"De Masi et al., PRC 77 042201(R) (2008), CLAS physics database export"
CLAS6_demasi,pi0,p,E25M28,A_LU(phi),2.21,0.256,-0.492,309.958,-0.176,0.079,,5.776,yes,"De Masi et al., PRC 77 042201(R) (2008), CLAS physics database export"
CLAS6_demasi,pi0,p,E25M28,A_LU(phi),2.46,0.296,-0.474,332.155,-0.618,0.691,,5.776,yes,"De Masi et al., PRC 77 042201(R) (2008), CLAS physics database export"
CLAS6_demasi,pi0,p,E25M29,A_LU(phi),2.15,0.243,-0.908,26.234,0.421,0.304,,5.776,yes,"De Masi et al., PRC 77 042201(R) (2008), CLAS physics database export"
CLAS6_demasi,pi0,p,E25M29,A_LU(phi),2.22,0.254,-0.792,47.353,-0.039,0.051,,5.776,yes,"De Masi et al., PRC 77 042201(R) (2008), CLAS physics database export"
CLAS6_demasi,pi0,p,E25M29,A_LU(phi),2.22,0.254,-0.774,74.959,0.11,0.046,,5.776,yes,"De Masi et al., PRC 77 042201(R) (2008), CLAS physics database export"
CLAS6_demasi,pi0,p,E25M29,A_LU(phi),2.22,0.251,-0.749,103.689,0.125,0.054,,5.776,yes,"De Masi et al., PRC 77 042201(R) (2008), CLAS physics database export"
CLAS6_demasi,pi0,p,E25M29,A_LU(phi),2.19,0.243,-0.72,130.172,0.272,0.098,,5.776,yes,"De Masi et al., PRC 77 042201(R) (2008), CLAS physics database export"
CLAS6_demasi,pi0,p,E25M29,A_LU(phi),2.06,0.234,-0.711,162.077,-0.1,0.182,,5.776,yes,"De Masi et al., PRC 77 042201(R) (2008), CLAS physics database export"
CLAS6_demasi,pi0,p,E25M29,A_LU(phi),2.19,0.241,-0.704,197.725,-0.119,0.178,,5.776,yes,"De Masi et al., PRC 77 042201(R) (2008), CLAS physics database export"
CLAS6_demasi,pi0,p,E25M29,A_LU(phi),2.21,0.244,-0.723,227.946,-0.124,0.092,,5.776,yes,"De Masi et al., PRC 77 042201(R) (2008), CLAS physics database export"
CLAS6_demasi,pi0,p,E25M29,A_LU(phi),2.22,0.252,-0.751,258.109,-0.075,0.054,,5.776,yes,"De Masi et al., PRC 77 042201(R) (2008), CLAS physics database export"
CLAS6_demasi,pi0,p,E25M29,A_LU(phi),2.21,0.252,-0.779,284.52,-0.145,0.042,,5.776,yes,"De Masi et al., PRC 77 042201(R) (2008), CLAS physics database export"
CLAS6_demasi,pi0,p,E25M29,A_LU(phi),2.21,0.253,-0.808,312.497,0.025,0.058,,5.776,yes,"De Masi et al., PRC 77 042201(R) (2008), CLAS physics database export"
CLAS6_demasi,pi0,p,E25M29,A_LU(phi),2.09,0.241,-0.9,334.907,-0.098,0.285,,5.776,yes,"De Masi et al., PRC 77 042201(R) (2008), CLAS physics database export"
CLAS6_demasi,pi0,p,E25M30,A_LU(phi),2.16,0.244,-1.441,17.356,0.083,0.079,,5.776,yes,"De Masi et al., PRC 77 042201(R) (2008), CLAS physics database export"
CLAS6_demasi,pi0,p,E25M30,A_LU(phi),2.19,0.25,-1.306,46.014,-0.07,0.05,,5.776,yes,"De Masi et al., PRC 77 042201(R) (2008), CLAS physics database export"
CLAS6_demasi,pi0,p,E25M30,A_LU(phi),2.19,0.25,-1.25,72.707,0.051,0.061,,5.776,yes,"De Masi et al., PRC 77 042201(R) (2008), CLAS physics database export"
CLAS6_demasi,pi0,p,E25M30,A_LU(phi),2.28,0.254,-1.175,100.389,0.086,0.126,,5.776,yes,"De Masi et al., PRC 77 042201(R) (2008), CLAS physics database export"
CLAS6_demasi,pi0,p,E25M30,A_LU(phi),2.18,0.248,-1.346,129.144,-0.407,1.132,,5.776,yes,"De Masi et al., PRC 77 042201(R) (2008), CLAS physics database export"
CLAS6_demasi,pi0,p,E25M30,A_LU(phi),2.18,0.243,-1.178,169.878,0.183,0.49,,5.776,yes,"De Masi et al., PRC 77 042201(R) (2008), CLAS physics database export"
CLAS6_demasi,pi0,p,E25M30,A_LU(phi),2.21,0.256,-1.438,200.432,-0.414,0.617,,5.776,yes,"De Masi et al., PRC 77 042201(R) (2008), CLAS physics database export"
CLAS6_demasi,pi0,p,E25M30,A_LU(phi),2.25,0.257,-1.36,231.754,-0.412,0.379,,5.776,yes,"De Masi et al., PRC 77 042201(R) (2008), CLAS physics database export"
CLAS6_demasi,pi0,p,E25M30,A_LU(phi),2.28,0.258,-1.183,258.253,-0.113,0.105,,5.776,yes,"De Masi et al., PRC 77 042201(R) (2008), CLAS physics database export"
CLAS6_demasi,pi0,p,E25M30,A_LU(phi),2.21,0.252,-1.261,286.334,-0.035,0.055,,5.776,yes,"De Masi et al., PRC 77 042201(R) (2008), CLAS physics database export"
CLAS6_demasi,pi0,p,E25M30,A_LU(phi),2.23,0.253,-1.301,315.329,0.031,0.056,,5.776,yes,"De Masi et al., PRC 77 042201(R) (2008), CLAS physics database export"
CLAS6_demasi,pi0,p,E25M30,A_LU(phi),2.16,0.244,-1.38,342.191,0.106,0.072,,5.776,yes,"De Masi et al., PRC 77 042201(R) (2008), CLAS physics database export"
CLAS6_demasi,pi0,p,E25M31,A_LU(phi),1.96,0.323,-0.174,12.97,0.036,0.151,,5.776,yes,"De Masi et al., PRC 77 042201(R) (2008), CLAS physics database export"
CLAS6_demasi,pi0,p,E25M31,A_LU(phi),1.94,0.323,-0.168,45.123,0.148,0.123,,5.776,yes,"De Masi et al., PRC 77 042201(R) (2008), CLAS physics database export"
CLAS6_demasi,pi0,p,E25M31,A_LU(phi),1.97,0.322,-0.176,71.06,0.135,0.163,,5.776,yes,"De Masi et al., PRC 77 042201(R) (2008), CLAS physics database export"
CLAS6_demasi,pi0,p,E25M31,A_LU(phi),1.9,0.32,-0.185,101.01,0.63,0.315,,5.776,yes,"De Masi et al., PRC 77 042201(R) (2008), CLAS physics database export"
CLAS6_demasi,pi0,p,E25M31,A_LU(phi),1.97,0.322,-0.162,128.313,-0.409,0.747,,5.776,yes,"De Masi et al., PRC 77 042201(R) (2008), CLAS physics database export"
CLAS6_demasi,pi0,p,E25M31,A_LU(phi),1.89,0.315,-0.191,202.315,-1.243,1.243,,5.776,yes,"De Masi et al., PRC 77 042201(R) (2008), CLAS physics database export"
CLAS6_demasi,pi0,p,E25M31,A_LU(phi),1.83,0.319,-0.182,230.807,-0.252,0.574,,5.776,yes,"De Masi et al., PRC 77 042201(R) (2008), CLAS physics database export"
CLAS6_demasi,pi0,p,E25M31,A_LU(phi),1.92,0.321,-0.17,253.233,-0.182,0.28,,5.776,yes,"De Masi et al., PRC 77 042201(R) (2008), CLAS physics database export"
CLAS6_demasi,pi0,p,E25M31,A_LU(phi),1.96,0.331,-0.182,288.798,0.148,0.217,,5.776,yes,"De Masi et al., PRC 77 042201(R) (2008), CLAS physics database export"
CLAS6_demasi,pi0,p,E25M31,A_LU(phi),1.94,0.32,-0.172,315.357,0.08,0.134,,5.776,yes,"De Masi et al., PRC 77 042201(R) (2008), CLAS physics database export"
CLAS6_demasi,pi0,p,E25M31,A_LU(phi),1.94,0.323,-0.175,342.237,-0.201,0.145,,5.776,yes,"De Masi et al., PRC 77 042201(R) (2008), CLAS physics database export"
CLAS6_demasi,pi0,p,E25M32,A_LU(phi),2.0,0.344,-0.309,14.264,0.045,0.053,,5.776,yes,"De Masi et al., PRC 77 042201(R) (2008), CLAS physics database export"
CLAS6_demasi,pi0,p,E25M32,A_LU(phi),2.0,0.342,-0.309,45.097,0.095,0.048,,5.776,yes,"De Masi et al., PRC 77 042201(R) (2008), CLAS physics database export"
CLAS6_demasi,pi0,p,E25M32,A_LU(phi),2.03,0.351,-0.289,71.509,0.064,0.072,,5.776,yes,"De Masi et al., PRC 77 042201(R) (2008), CLAS physics database export"
CLAS6_demasi,pi0,p,E25M32,A_LU(phi),2.02,0.353,-0.297,104.03,0.232,0.099,,5.776,yes,"De Masi et al., PRC 77 042201(R) (2008), CLAS physics database export"
CLAS6_demasi,pi0,p,E25M32,A_LU(phi),1.99,0.348,-0.317,131.372,0.057,0.105,,5.776,yes,"De Masi et al., PRC 77 042201(R) (2008), CLAS physics database export"
CLAS6_demasi,pi0,p,E25M32,A_LU(phi),1.9,0.322,-0.305,163.071,-0.556,0.606,,5.776,yes,"De Masi et al., PRC 77 042201(R) (2008), CLAS physics database export"
CLAS6_demasi,pi0,p,E25M32,A_LU(phi),1.9,0.324,-0.335,198.458,0.047,0.289,,5.776,yes,"De Masi et al., PRC 77 042201(R) (2008), CLAS physics database export"
CLAS6_demasi,pi0,p,E25M32,A_LU(phi),1.99,0.351,-0.319,227.924,0.078,0.152,,5.776,yes,"De Masi et al., PRC 77 042201(R) (2008), CLAS physics database export"
CLAS6_demasi,pi0,p,E25M32,A_LU(phi),2.04,0.362,-0.294,256.018,0.053,0.1,,5.776,yes,"De Masi et al., PRC 77 042201(R) (2008), CLAS physics database export"
CLAS6_demasi,pi0,p,E25M32,A_LU(phi),2.01,0.338,-0.3,287.503,-0.168,0.096,,5.776,yes,"De Masi et al., PRC 77 042201(R) (2008), CLAS physics database export"
CLAS6_demasi,pi0,p,E25M32,A_LU(phi),2.0,0.338,-0.304,316.875,-0.124,0.049,,5.776,yes,"De Masi et al., PRC 77 042201(R) (2008), CLAS physics database export"
CLAS6_demasi,pi0,p,E25M32,A_LU(phi),2.0,0.345,-0.31,344.11,0.023,0.046,,5.776,yes,"De Masi et al., PRC 77 042201(R) (2008), CLAS physics database export"
CLAS6_demasi,pi0,p,E25M33,A_LU(phi),2.03,0.354,-0.494,14.943,-0.012,0.051,,5.776,yes,"De Masi et al., PRC 77 042201(R) (2008), CLAS physics database export"
CLAS6_demasi,pi0,p,E25M33,A_LU(phi),2.0,0.346,-0.5,44.03,0.052,0.046,,5.776,yes,"De Masi et al., PRC 77 042201(R) (2008), CLAS physics database export"
CLAS6_demasi,pi0,p,E25M33,A_LU(phi),2.04,0.346,-0.483,69.16,0.178,0.094,,5.776,yes,"De Masi et al., PRC 77 042201(R) (2008), CLAS physics database export"
CLAS6_demasi,pi0,p,E25M33,A_LU(phi),2.04,0.362,-0.497,108.913,0.116,0.146,,5.776,yes,"De Masi et al., PRC 77 042201(R) (2008), CLAS physics database export"
CLAS6_demasi,pi0,p,E25M33,A_LU(phi),2.03,0.361,-0.501,134.422,-0.104,0.088,,5.776,yes,"De Masi et al., PRC 77 042201(R) (2008), CLAS physics database export"
CLAS6_demasi,pi0,p,E25M33,A_LU(phi),1.9,0.322,-0.52,165.727,0.0,0.168,,5.776,yes,"De Masi et al., PRC 77 042201(R) (2008), CLAS physics database export"
CLAS6_demasi,pi0,p,E25M33,A_LU(phi),1.95,0.332,-0.484,196.882,-0.081,0.122,,5.776,yes,"De Masi et al., PRC 77 042201(R) (2008), CLAS physics database export"
CLAS6_demasi,pi0,p,E25M33,A_LU(phi),2.0,0.35,-0.491,219.953,-0.188,0.114,,5.776,yes,"De Masi et al., PRC 77 042201(R) (2008), CLAS physics database export"
CLAS6_demasi,pi0,p,E25M33,A_LU(phi),2.11,0.369,-0.487,251.892,-0.124,0.197,,5.776,yes,"De Masi et al., PRC 77 042201(R) (2008), CLAS physics database export"
CLAS6_demasi,pi0,p,E25M33,A_LU(phi),2.01,0.335,-0.503,289.713,-0.233,0.117,,5.776,yes,"De Masi et al., PRC 77 042201(R) (2008), CLAS physics database export"
CLAS6_demasi,pi0,p,E25M33,A_LU(phi),2.02,0.349,-0.5,318.024,-0.039,0.048,,5.776,yes,"De Masi et al., PRC 77 042201(R) (2008), CLAS physics database export"
CLAS6_demasi,pi0,p,E25M33,A_LU(phi),2.04,0.356,-0.493,343.738,-0.031,0.044,,5.776,yes,"De Masi et al., PRC 77 042201(R) (2008), CLAS physics database export"
CLAS6_demasi,pi0,p,E25M34,A_LU(phi),2.05,0.362,-0.753,18.423,0.013,0.055,,5.776,yes,"De Masi et al., PRC 77 042201(R) (2008), CLAS physics database export"
CLAS6_demasi,pi0,p,E25M34,A_LU(phi),2.02,0.349,-0.78,44.1,0.058,0.039,,5.776,yes,"De Masi et al., PRC 77 042201(R) (2008), CLAS physics database export"
CLAS6_demasi,pi0,p,E25M34,A_LU(phi),1.98,0.342,-0.822,70.1,-0.107,0.083,,5.776,yes,"De Masi et al., PRC 77 042201(R) (2008), CLAS physics database export"
CLAS6_demasi,pi0,p,E25M34,A_LU(phi),2.05,0.363,-0.793,108.494,0.055,0.115,,5.776,yes,"De Masi et al., PRC 77 042201(R) (2008), CLAS physics database export"
CLAS6_demasi,pi0,p,E25M34,A_LU(phi),2.05,0.365,-0.778,135.383,-0.022,0.065,,5.776,yes,"De Masi et al., PRC 77 042201(R) (2008), CLAS physics database export"
CLAS6_demasi,pi0,p,E25M34,A_LU(phi),1.95,0.333,-0.774,164.815,0.259,0.146,,5.776,yes,"De Masi et al., PRC 77 042201(R) (2008), CLAS physics database export"
CLAS6_demasi,pi0,p,E25M34,A_LU(phi),1.97,0.34,-0.78,201.712,0.094,0.099,,5.776,yes,"De Masi et al., PRC 77 042201(R) (2008), CLAS physics database export"
CLAS6_demasi,pi0,p,E25M34,A_LU(phi),2.04,0.358,-0.794,221.078,0.114,0.084,,5.776,yes,"De Masi et al., PRC 77 042201(R) (2008), CLAS physics database export"
CLAS6_demasi,pi0,p,E25M34,A_LU(phi),2.01,0.353,-0.824,258.031,0.028,0.119,,5.776,yes,"De Masi et al., PRC 77 042201(R) (2008), CLAS physics database export"
CLAS6_demasi,pi0,p,E25M34,A_LU(phi),2.0,0.345,-0.82,286.077,-0.103,0.075,,5.776,yes,"De Masi et al., PRC 77 042201(R) (2008), CLAS physics database export"
CLAS6_demasi,pi0,p,E25M34,A_LU(phi),2.02,0.35,-0.776,317.795,-0.042,0.038,,5.776,yes,"De Masi et al., PRC 77 042201(R) (2008), CLAS physics database export"
CLAS6_demasi,pi0,p,E25M34,A_LU(phi),2.04,0.363,-0.752,341.26,0.013,0.049,,5.776,yes,"De Masi et al., PRC 77 042201(R) (2008), CLAS physics database export"
CLAS6_demasi,pi0,p,E25M35,A_LU(phi),2.05,0.355,-1.314,20.034,-0.012,0.105,,5.776,yes,"De Masi et al., PRC 77 042201(R) (2008), CLAS physics database export"
CLAS6_demasi,pi0,p,E25M35,A_LU(phi),2.04,0.352,-1.258,43.806,0.063,0.054,,5.776,yes,"De Masi et al., PRC 77 042201(R) (2008), CLAS physics database export"
CLAS6_demasi,pi0,p,E25M35,A_LU(phi),2.02,0.354,-1.377,75.802,0.061,0.061,,5.776,yes,"De Masi et al., PRC 77 042201(R) (2008), CLAS physics database export"
CLAS6_demasi,pi0,p,E25M35,A_LU(phi),2.03,0.357,-1.422,102.193,0.033,0.08,,5.776,yes,"De Masi et al., PRC 77 042201(R) (2008), CLAS physics database export"
CLAS6_demasi,pi0,p,E25M35,A_LU(phi),2.07,0.361,-1.274,136.943,0.043,0.071,,5.776,yes,"De Masi et al., PRC 77 042201(R) (2008), CLAS physics database export"
CLAS6_demasi,pi0,p,E25M35,A_LU(phi),2.03,0.341,-1.228,155.027,0.232,0.173,,5.776,yes,"De Masi et al., PRC 77 042201(R) (2008), CLAS physics database export"
CLAS6_demasi,pi0,p,E25M35,A_LU(phi),1.99,0.337,-1.213,201.004,-0.031,0.147,,5.776,yes,"De Masi et al., PRC 77 042201(R) (2008), CLAS physics database export"
CLAS6_demasi,pi0,p,E25M35,A_LU(phi),2.03,0.353,-1.307,223.559,-0.144,0.09,,5.776,yes,"De Masi et al., PRC 77 042201(R) (2008), CLAS physics database export"
CLAS6_demasi,pi0,p,E25M35,A_LU(phi),2.02,0.354,-1.398,257.058,-0.081,0.054,,5.776,yes,"De Masi et al., PRC 77 042201(R) (2008), CLAS physics database export"
CLAS6_demasi,pi0,p,E25M35,A_LU(phi),2.0,0.354,-1.369,282.659,-0.022,0.058,,5.776,yes,"De Masi et al., PRC 77 042201(R) (2008), CLAS physics database export"
CLAS6_demasi,pi0,p,E25M35,A_LU(phi),2.06,0.355,-1.243,317.822,-0.036,0.058,,5.776,yes,"De Masi et al., PRC 77 042201(R) (2008), CLAS physics database export"
CLAS6_demasi,pi0,p,E25M35,A_LU(phi),2.03,0.356,-1.337,339.993,-0.073,0.081,,5.776,yes,"De Masi et al., PRC 77 042201(R) (2008), CLAS physics database export"
CLAS6_demasi,pi0,p,E25M36,A_LU(phi),2.23,0.325,-0.17,16.508,-0.013,0.13,,5.776,yes,"De Masi et al., PRC 77 042201(R) (2008), CLAS physics database export"
CLAS6_demasi,pi0,p,E25M36,A_LU(phi),2.23,0.325,-0.176,45.706,-0.048,0.113,,5.776,yes,"De Masi et al., PRC 77 042201(R) (2008), CLAS physics database export"
CLAS6_demasi,pi0,p,E25M36,A_LU(phi),2.23,0.326,-0.176,71.396,0.138,0.13,,5.776,yes,"De Masi et al., PRC 77 042201(R) (2008), CLAS physics database export"
CLAS6_demasi,pi0,p,E25M36,A_LU(phi),2.21,0.316,-0.175,105.518,-0.263,0.19,,5.776,yes,"De Masi et al., PRC 77 042201(R) (2008), CLAS physics database export"
CLAS6_demasi,pi0,p,E25M36,A_LU(phi),2.2,0.307,-0.178,128.24,-0.765,0.665,,5.776,yes,"De Masi et al., PRC 77 042201(R) (2008), CLAS physics database export"
CLAS6_demasi,pi0,p,E25M36,A_LU(phi),2.21,0.307,-0.183,233.995,0.253,0.407,,5.776,yes,"De Masi et al., PRC 77 042201(R) (2008), CLAS physics database export"
CLAS6_demasi,pi0,p,E25M36,A_LU(phi),2.21,0.32,-0.174,257.694,-0.228,0.162,,5.776,yes,"De Masi et al., PRC 77 042201(R) (2008), CLAS physics database export"
CLAS6_demasi,pi0,p,E25M36,A_LU(phi),2.21,0.323,-0.176,285.993,0.0,0.139,,5.776,yes,"De Masi et al., PRC 77 042201(R) (2008), CLAS physics database export"
CLAS6_demasi,pi0,p,E25M36,A_LU(phi),2.2,0.322,-0.175,317.813,0.026,0.109,,5.776,yes,"De Masi et al., PRC 77 042201(R) (2008), CLAS physics database export"
CLAS6_demasi,pi0,p,E25M36,A_LU(phi),2.22,0.322,-0.171,343.305,0.062,0.134,,5.776,yes,"De Masi et al., PRC 77 042201(R) (2008), CLAS physics database export"
CLAS6_demasi,pi0,p,E25M37,A_LU(phi),2.33,0.353,-0.301,15.11,0.122,0.05,,5.776,yes,"De Masi et al., PRC 77 042201(R) (2008), CLAS physics database export"
CLAS6_demasi,pi0,p,E25M37,A_LU(phi),2.3,0.344,-0.306,45.773,0.007,0.042,,5.776,yes,"De Masi et al., PRC 77 042201(R) (2008), CLAS physics database export"
CLAS6_demasi,pi0,p,E25M37,A_LU(phi),2.31,0.342,-0.295,71.621,0.061,0.05,,5.776,yes,"De Masi et al., PRC 77 042201(R) (2008), CLAS physics database export"
CLAS6_demasi,pi0,p,E25M37,A_LU(phi),2.3,0.338,-0.289,102.865,0.057,0.088,,5.776,yes,"De Masi et al., PRC 77 042201(R) (2008), CLAS physics database export"
CLAS6_demasi,pi0,p,E25M37,A_LU(phi),2.3,0.341,-0.292,129.381,0.209,0.162,,5.776,yes,"De Masi et al., PRC 77 042201(R) (2008), CLAS physics database export"
CLAS6_demasi,pi0,p,E25M37,A_LU(phi),2.12,0.31,-0.348,162.514,0.795,0.399,,5.776,yes,"De Masi et al., PRC 77 042201(R) (2008), CLAS physics database export"
CLAS6_demasi,pi0,p,E25M37,A_LU(phi),2.26,0.327,-0.32,199.831,-0.15,0.232,,5.776,yes,"De Masi et al., PRC 77 042201(R) (2008), CLAS physics database export"
CLAS6_demasi,pi0,p,E25M37,A_LU(phi),2.27,0.342,-0.304,224.367,-0.232,0.186,,5.776,yes,"De Masi et al., PRC 77 042201(R) (2008), CLAS physics database export"
CLAS6_demasi,pi0,p,E25M37,A_LU(phi),2.28,0.332,-0.276,259.58,-0.015,0.081,,5.776,yes,"De Masi et al., PRC 77 042201(R) (2008), CLAS physics database export"
CLAS6_demasi,pi0,p,E25M37,A_LU(phi),2.29,0.337,-0.303,286.356,-0.143,0.054,,5.776,yes,"De Masi et al., PRC 77 042201(R) (2008), CLAS physics database export"
CLAS6_demasi,pi0,p,E25M37,A_LU(phi),2.32,0.349,-0.3,315.479,-0.042,0.042,,5.776,yes,"De Masi et al., PRC 77 042201(R) (2008), CLAS physics database export"
CLAS6_demasi,pi0,p,E25M37,A_LU(phi),2.35,0.358,-0.308,344.057,-0.058,0.043,,5.776,yes,"De Masi et al., PRC 77 042201(R) (2008), CLAS physics database export"
CLAS6_demasi,pi0,p,E25M38,A_LU(phi),2.39,0.368,-0.492,16.166,0.006,0.053,,5.776,yes,"De Masi et al., PRC 77 042201(R) (2008), CLAS physics database export"
CLAS6_demasi,pi0,p,E25M38,A_LU(phi),2.34,0.355,-0.496,46.392,0.072,0.041,,5.776,yes,"De Masi et al., PRC 77 042201(R) (2008), CLAS physics database export"
CLAS6_demasi,pi0,p,E25M38,A_LU(phi),2.33,0.345,-0.492,70.657,0.086,0.057,,5.776,yes,"De Masi et al., PRC 77 042201(R) (2008), CLAS physics database export"
CLAS6_demasi,pi0,p,E25M38,A_LU(phi),2.4,0.371,-0.484,106.845,0.055,0.136,,5.776,yes,"De Masi et al., PRC 77 042201(R) (2008), CLAS physics database export"
CLAS6_demasi,pi0,p,E25M38,A_LU(phi),2.36,0.367,-0.481,130.749,0.077,0.136,,5.776,yes,"De Masi et al., PRC 77 042201(R) (2008), CLAS physics database export"
CLAS6_demasi,pi0,p,E25M38,A_LU(phi),2.25,0.338,-0.509,170.133,0.252,0.393,,5.776,yes,"De Masi et al., PRC 77 042201(R) (2008), CLAS physics database export"
CLAS6_demasi,pi0,p,E25M38,A_LU(phi),2.29,0.346,-0.496,198.983,-0.12,0.213,,5.776,yes,"De Masi et al., PRC 77 042201(R) (2008), CLAS physics database export"
CLAS6_demasi,pi0,p,E25M38,A_LU(phi),2.38,0.365,-0.509,221.972,-0.225,0.162,,5.776,yes,"De Masi et al., PRC 77 042201(R) (2008), CLAS physics database export"
CLAS6_demasi,pi0,p,E25M38,A_LU(phi),2.37,0.351,-0.475,259.563,0.05,0.153,,5.776,yes,"De Masi et al., PRC 77 042201(R) (2008), CLAS physics database export"
CLAS6_demasi,pi0,p,E25M38,A_LU(phi),2.32,0.343,-0.488,288.383,-0.09,0.063,,5.776,yes,"De Masi et al., PRC 77 042201(R) (2008), CLAS physics database export"
CLAS6_demasi,pi0,p,E25M38,A_LU(phi),2.35,0.356,-0.502,315.187,-0.09,0.045,,5.776,yes,"De Masi et al., PRC 77 042201(R) (2008), CLAS physics database export"
CLAS6_demasi,pi0,p,E25M38,A_LU(phi),2.39,0.369,-0.493,343.062,-0.035,0.047,,5.776,yes,"De Masi et al., PRC 77 042201(R) (2008), CLAS physics database export"
CLAS6_demasi,pi0,p,E25M39,A_LU(phi),2.42,0.378,-0.756,18.615,-0.106,0.061,,5.776,yes,"De Masi et al., PRC 77 042201(R) (2008), CLAS physics database export"
CLAS6_demasi,pi0,p,E25M39,A_LU(phi),2.35,0.359,-0.776,45.715,0.022,0.035,,5.776,yes,"De Masi et al., PRC 77 042201(R) (2008), CLAS physics database export"
CLAS6_demasi,pi0,p,E25M39,A_LU(phi),2.31,0.346,-0.758,68.407,0.115,0.062,,5.776,yes,"De Masi et al., PRC 77 042201(R) (2008), CLAS physics database export"
CLAS6_demasi,pi0,p,E25M39,A_LU(phi),2.34,0.363,-0.778,104.606,0.068,0.138,,5.776,yes,"De Masi et al., PRC 77 042201(R) (2008), CLAS physics database export"
CLAS6_demasi,pi0,p,E25M39,A_LU(phi),2.41,0.379,-0.799,134.801,0.078,0.108,,5.776,yes,"De Masi et al., PRC 77 042201(R) (2008), CLAS physics database export"
CLAS6_demasi,pi0,p,E25M39,A_LU(phi),2.23,0.336,-0.746,163.761,0.075,0.225,,5.776,yes,"De Masi et al., PRC 77 042201(R) (2008), CLAS physics database export"
CLAS6_demasi,pi0,p,E25M39,A_LU(phi),2.32,0.359,-0.781,201.005,-0.083,0.139,,5.776,yes,"De Masi et al., PRC 77 042201(R) (2008), CLAS physics database export"
CLAS6_demasi,pi0,p,E25M39,A_LU(phi),2.36,0.369,-0.776,222.167,-0.026,0.112,,5.776,yes,"De Masi et al., PRC 77 042201(R) (2008), CLAS physics database export"
CLAS6_demasi,pi0,p,E25M39,A_LU(phi),2.37,0.364,-0.809,259.501,-0.075,0.132,,5.776,yes,"De Masi et al., PRC 77 042201(R) (2008), CLAS physics database export"
CLAS6_demasi,pi0,p,E25M39,A_LU(phi),2.33,0.348,-0.772,289.554,-0.139,0.061,,5.776,yes,"De Masi et al., PRC 77 042201(R) (2008), CLAS physics database export"
CLAS6_demasi,pi0,p,E25M39,A_LU(phi),2.35,0.359,-0.78,315.774,-0.106,0.038,,5.776,yes,"De Masi et al., PRC 77 042201(R) (2008), CLAS physics database export"
CLAS6_demasi,pi0,p,E25M39,A_LU(phi),2.41,0.376,-0.766,340.563,-0.017,0.053,,5.776,yes,"De Masi et al., PRC 77 042201(R) (2008), CLAS physics database export"
CLAS6_demasi,pi0,p,E25M40,A_LU(phi),2.35,0.359,-1.34,22.941,0.163,0.082,,5.776,yes,"De Masi et al., PRC 77 042201(R) (2008), CLAS physics database export"
CLAS6_demasi,pi0,p,E25M40,A_LU(phi),2.35,0.356,-1.276,44.897,0.103,0.044,,5.776,yes,"De Masi et al., PRC 77 042201(R) (2008), CLAS physics database export"
CLAS6_demasi,pi0,p,E25M40,A_LU(phi),2.35,0.362,-1.365,74.774,0.132,0.068,,5.776,yes,"De Masi et al., PRC 77 042201(R) (2008), CLAS physics database export"
CLAS6_demasi,pi0,p,E25M40,A_LU(phi),2.38,0.374,-1.408,101.076,0.0,0.1,,5.776,yes,"De Masi et al., PRC 77 042201(R) (2008), CLAS physics database export"
CLAS6_demasi,pi0,p,E25M40,A_LU(phi),2.42,0.377,-1.305,134.977,0.07,0.1,,5.776,yes,"De Masi et al., PRC 77 042201(R) (2008), CLAS physics database export"
CLAS6_demasi,pi0,p,E25M40,A_LU(phi),2.44,0.377,-1.208,158.635,0.141,0.332,,5.776,yes,"De Masi et al., PRC 77 042201(R) (2008), CLAS physics database export"
CLAS6_demasi,pi0,p,E25M40,A_LU(phi),2.33,0.357,-1.244,202.697,0.147,0.151,,5.776,yes,"De Masi et al., PRC 77 042201(R) (2008), CLAS physics database export"
CLAS6_demasi,pi0,p,E25M40,A_LU(phi),2.38,0.371,-1.352,224.781,-0.168,0.105,,5.776,yes,"De Masi et al., PRC 77 042201(R) (2008), CLAS physics database export"
CLAS6_demasi,pi0,p,E25M40,A_LU(phi),2.37,0.367,-1.399,256.222,0.095,0.075,,5.776,yes,"De Masi et al., PRC 77 042201(R) (2008), CLAS physics database export"
CLAS6_demasi,pi0,p,E25M40,A_LU(phi),2.36,0.362,-1.336,284.419,-0.077,0.06,,5.776,yes,"De Masi et al., PRC 77 042201(R) (2008), CLAS physics database export"
CLAS6_demasi,pi0,p,E25M40,A_LU(phi),2.36,0.359,-1.298,316.004,-0.058,0.045,,5.776,yes,"De Masi et al., PRC 77 042201(R) (2008), CLAS physics database export"
CLAS6_demasi,pi0,p,E25M40,A_LU(phi),2.36,0.362,-1.381,337.575,-0.013,0.079,,5.776,yes,"De Masi et al., PRC 77 042201(R) (2008), CLAS physics database export"
CLAS6_demasi,pi0,p,E25M41,A_LU(phi),2.55,0.331,-0.174,12.855,0.052,0.148,,5.776,yes,"De Masi et al., PRC 77 042201(R) (2008), CLAS physics database export"
CLAS6_demasi,pi0,p,E25M41,A_LU(phi),2.53,0.329,-0.174,42.116,-0.038,0.129,,5.776,yes,"De Masi et al., PRC 77 042201(R) (2008), CLAS physics database export"
CLAS6_demasi,pi0,p,E25M41,A_LU(phi),2.49,0.324,-0.175,71.523,-0.197,0.164,,5.776,yes,"De Masi et al., PRC 77 042201(R) (2008), CLAS physics database export"
CLAS6_demasi,pi0,p,E25M41,A_LU(phi),2.52,0.324,-0.175,103.676,0.167,0.164,,5.776,yes,"De Masi et al., PRC 77 042201(R) (2008), CLAS physics database export"
CLAS6_demasi,pi0,p,E25M41,A_LU(phi),2.46,0.32,-0.18,126.983,-0.138,0.31,,5.776,yes,"De Masi et al., PRC 77 042201(R) (2008), CLAS physics database export"
CLAS6_demasi,pi0,p,E25M41,A_LU(phi),2.46,0.312,-0.179,163.742,-0.746,0.648,,5.776,yes,"De Masi et al., PRC 77 042201(R) (2008), CLAS physics database export"
CLAS6_demasi,pi0,p,E25M41,A_LU(phi),2.44,0.3,-0.169,198.785,0.618,0.691,,5.776,yes,"De Masi et al., PRC 77 042201(R) (2008), CLAS physics database export"
CLAS6_demasi,pi0,p,E25M41,A_LU(phi),2.42,0.307,-0.177,224.588,0.252,0.353,,5.776,yes,"De Masi et al., PRC 77 042201(R) (2008), CLAS physics database export"
CLAS6_demasi,pi0,p,E25M41,A_LU(phi),2.52,0.321,-0.178,256.095,-0.049,0.179,,5.776,yes,"De Masi et al., PRC 77 042201(R) (2008), CLAS physics database export"
CLAS6_demasi,pi0,p,E25M41,A_LU(phi),2.53,0.326,-0.175,287.119,0.038,0.154,,5.776,yes,"De Masi et al., PRC 77 042201(R) (2008), CLAS physics database export"
CLAS6_demasi,pi0,p,E25M41,A_LU(phi),2.52,0.326,-0.174,315.962,0.013,0.139,,5.776,yes,"De Masi et al., PRC 77 042201(R) (2008), CLAS physics database export"
CLAS6_demasi,pi0,p,E25M41,A_LU(phi),2.49,0.326,-0.173,342.408,-0.557,0.16,,5.776,yes,"De Masi et al., PRC 77 042201(R) (2008), CLAS physics database export"
CLAS6_demasi,pi0,p,E25M42,A_LU(phi),2.71,0.361,-0.298,15.766,-0.005,0.059,,5.776,yes,"De Masi et al., PRC 77 042201(R) (2008), CLAS physics database export"
CLAS6_demasi,pi0,p,E25M42,A_LU(phi),2.67,0.355,-0.303,45.972,0.097,0.046,,5.776,yes,"De Masi et al., PRC 77 042201(R) (2008), CLAS physics database export"
CLAS6_demasi,pi0,p,E25M42,A_LU(phi),2.65,0.351,-0.299,73.588,0.134,0.048,,5.776,yes,"De Masi et al., PRC 77 042201(R) (2008), CLAS physics database export"
CLAS6_demasi,pi0,p,E25M42,A_LU(phi),2.61,0.339,-0.294,103.817,0.067,0.058,,5.776,yes,"De Masi et al., PRC 77 042201(R) (2008), CLAS physics database export"
CLAS6_demasi,pi0,p,E25M42,A_LU(phi),2.61,0.335,-0.29,129.531,0.126,0.108,,5.776,yes,"De Masi et al., PRC 77 042201(R) (2008), CLAS physics database export"
CLAS6_demasi,pi0,p,E25M42,A_LU(phi),2.55,0.32,-0.262,164.921,0.21,0.225,,5.776,yes,"De Masi et al., PRC 77 042201(R) (2008), CLAS physics database export"
CLAS6_demasi,pi0,p,E25M42,A_LU(phi),2.52,0.32,-0.285,200.264,-0.27,0.172,,5.776,yes,"De Masi et al., PRC 77 042201(R) (2008), CLAS physics database export"
CLAS6_demasi,pi0,p,E25M42,A_LU(phi),2.6,0.331,-0.289,227.579,0.015,0.099,,5.776,yes,"De Masi et al., PRC 77 042201(R) (2008), CLAS physics database export"
CLAS6_demasi,pi0,p,E25M42,A_LU(phi),2.62,0.342,-0.3,257.626,-0.101,0.05,,5.776,yes,"De Masi et al., PRC 77 042201(R) (2008), CLAS physics database export"
CLAS6_demasi,pi0,p,E25M42,A_LU(phi),2.64,0.348,-0.311,284.787,-0.159,0.049,,5.776,yes,"De Masi et al., PRC 77 042201(R) (2008), CLAS physics database export"
CLAS6_demasi,pi0,p,E25M42,A_LU(phi),2.68,0.356,-0.302,315.522,-0.093,0.046,,5.776,yes,"De Masi et al., PRC 77 042201(R) (2008), CLAS physics database export"
CLAS6_demasi,pi0,p,E25M42,A_LU(phi),2.7,0.359,-0.304,342.572,-0.097,0.052,,5.776,yes,"De Masi et al., PRC 77 042201(R) (2008), CLAS physics database export"
CLAS6_demasi,pi0,p,E25M43,A_LU(phi),2.74,0.373,-0.483,17.3,0.146,0.075,,5.776,yes,"De Masi et al., PRC 77 042201(R) (2008), CLAS physics database export"
CLAS6_demasi,pi0,p,E25M43,A_LU(phi),2.69,0.358,-0.497,46.068,0.029,0.047,,5.776,yes,"De Masi et al., PRC 77 042201(R) (2008), CLAS physics database export"
CLAS6_demasi,pi0,p,E25M43,A_LU(phi),2.67,0.354,-0.498,73.513,0.055,0.05,,5.776,yes,"De Masi et al., PRC 77 042201(R) (2008), CLAS physics database export"
CLAS6_demasi,pi0,p,E25M43,A_LU(phi),2.67,0.345,-0.489,101.464,0.111,0.084,,5.776,yes,"De Masi et al., PRC 77 042201(R) (2008), CLAS physics database export"
CLAS6_demasi,pi0,p,E25M43,A_LU(phi),2.67,0.351,-0.48,131.944,0.21,0.168,,5.776,yes,"De Masi et al., PRC 77 042201(R) (2008), CLAS physics database export"
CLAS6_demasi,pi0,p,E25M43,A_LU(phi),2.67,0.352,-0.484,165.179,-0.501,0.426,,5.776,yes,"De Masi et al., PRC 77 042201(R) (2008), CLAS physics database export"
CLAS6_demasi,pi0,p,E25M43,A_LU(phi),2.64,0.344,-0.498,197.72,-0.166,0.267,,5.776,yes,"De Masi et al., PRC 77 042201(R) (2008), CLAS physics database export"
CLAS6_demasi,pi0,p,E25M43,A_LU(phi),2.69,0.354,-0.477,226.988,-0.1,0.169,,5.776,yes,"De Masi et al., PRC 77 042201(R) (2008), CLAS physics database export"
CLAS6_demasi,pi0,p,E25M43,A_LU(phi),2.67,0.346,-0.49,261.308,-0.137,0.076,,5.776,yes,"De Masi et al., PRC 77 042201(R) (2008), CLAS physics database export"
CLAS6_demasi,pi0,p,E25M43,A_LU(phi),2.69,0.356,-0.497,285.56,-0.108,0.048,,5.776,yes,"De Masi et al., PRC 77 042201(R) (2008), CLAS physics database export"
CLAS6_demasi,pi0,p,E25M43,A_LU(phi),2.71,0.362,-0.494,314.664,-0.083,0.052,,5.776,yes,"De Masi et al., PRC 77 042201(R) (2008), CLAS physics database export"
CLAS6_demasi,pi0,p,E25M43,A_LU(phi),2.74,0.371,-0.49,341.73,0.01,0.069,,5.776,yes,"De Masi et al., PRC 77 042201(R) (2008), CLAS physics database export"
CLAS6_demasi,pi0,p,E25M44,A_LU(phi),2.77,0.377,-0.744,21.404,0.07,0.092,,5.776,yes,"De Masi et al., PRC 77 042201(R) (2008), CLAS physics database export"
CLAS6_demasi,pi0,p,E25M44,A_LU(phi),2.69,0.359,-0.774,46.777,0.02,0.043,,5.776,yes,"De Masi et al., PRC 77 042201(R) (2008), CLAS physics database export"
CLAS6_demasi,pi0,p,E25M44,A_LU(phi),2.7,0.356,-0.771,71.716,0.093,0.046,,5.776,yes,"De Masi et al., PRC 77 042201(R) (2008), CLAS physics database export"
CLAS6_demasi,pi0,p,E25M44,A_LU(phi),2.69,0.351,-0.736,100.451,0.305,0.135,,5.776,yes,"De Masi et al., PRC 77 042201(R) (2008), CLAS physics database export"
CLAS6_demasi,pi0,p,E25M44,A_LU(phi),2.72,0.372,-0.724,131.61,0.162,0.224,,5.776,yes,"De Masi et al., PRC 77 042201(R) (2008), CLAS physics database export"
CLAS6_demasi,pi0,p,E25M44,A_LU(phi),2.95,0.377,-0.842,170.219,-0.444,1.412,,5.776,yes,"De Masi et al., PRC 77 042201(R) (2008), CLAS physics database export"
CLAS6_demasi,pi0,p,E25M44,A_LU(phi),2.63,0.347,-0.805,199.317,-0.332,0.254,,5.776,yes,"De Masi et al., PRC 77 042201(R) (2008), CLAS physics database export"
CLAS6_demasi,pi0,p,E25M44,A_LU(phi),2.73,0.37,-0.73,224.028,-0.097,0.182,,5.776,yes,"De Masi et al., PRC 77 042201(R) (2008), CLAS physics database export"
CLAS6_demasi,pi0,p,E25M44,A_LU(phi),2.7,0.352,-0.748,260.853,-0.017,0.107,,5.776,yes,"De Masi et al., PRC 77 042201(R) (2008), CLAS physics database export"
CLAS6_demasi,pi0,p,E25M44,A_LU(phi),2.69,0.355,-0.773,286.636,0.024,0.047,,5.776,yes,"De Masi et al., PRC 77 042201(R) (2008), CLAS physics database export"
CLAS6_demasi,pi0,p,E25M44,A_LU(phi),2.7,0.36,-0.779,313.907,-0.13,0.046,,5.776,yes,"De Masi et al., PRC 77 042201(R) (2008), CLAS physics database export"
CLAS6_demasi,pi0,p,E25M44,A_LU(phi),2.79,0.383,-0.744,338.964,-0.04,0.086,,5.776,yes,"De Masi et al., PRC 77 042201(R) (2008), CLAS physics database export"
CLAS6_demasi,pi0,p,E25M45,A_LU(phi),2.69,0.361,-1.415,23.702,0.033,0.107,,5.776,yes,"De Masi et al., PRC 77 042201(R) (2008), CLAS physics database export"
CLAS6_demasi,pi0,p,E25M45,A_LU(phi),2.7,0.36,-1.342,46.517,0.063,0.048,,5.776,yes,"De Masi et al., PRC 77 042201(R) (2008), CLAS physics database export"
CLAS6_demasi,pi0,p,E25M45,A_LU(phi),2.69,0.358,-1.294,71.033,0.124,0.067,,5.776,yes,"De Masi et al., PRC 77 042201(R) (2008), CLAS physics database export"
CLAS6_demasi,pi0,p,E25M45,A_LU(phi),2.81,0.379,-1.46,99.155,-0.021,0.17,,5.776,yes,"De Masi et al., PRC 77 042201(R) (2008), CLAS physics database export"
CLAS6_demasi,pi0,p,E25M45,A_LU(phi),2.73,0.38,-1.464,134.847,0.145,0.192,,5.776,yes,"De Masi et al., PRC 77 042201(R) (2008), CLAS physics database export"
CLAS6_demasi,pi0,p,E25M45,A_LU(phi),2.99,0.401,-1.661,150.704,1.521,0.795,,5.776,yes,"De Masi et al., PRC 77 042201(R) (2008), CLAS physics database export"
CLAS6_demasi,pi0,p,E25M45,A_LU(phi),2.77,0.373,-1.314,198.908,-0.09,0.262,,5.776,yes,"De Masi et al., PRC 77 042201(R) (2008), CLAS physics database export"
CLAS6_demasi,pi0,p,E25M45,A_LU(phi),2.74,0.377,-1.367,225.462,0.168,0.186,,5.776,yes,"De Masi et al., PRC 77 042201(R) (2008), CLAS physics database export"
CLAS6_demasi,pi0,p,E25M45,A_LU(phi),2.7,0.362,-1.351,256.928,-0.314,0.13,,5.776,yes,"De Masi et al., PRC 77 042201(R) (2008), CLAS physics database export"
CLAS6_demasi,pi0,p,E25M45,A_LU(phi),2.72,0.363,-1.3,287.792,0.021,0.068,,5.776,yes,"De Masi et al., PRC 77 042201(R) (2008), CLAS physics database export"
CLAS6_demasi,pi0,p,E25M45,A_LU(phi),2.71,0.362,-1.325,314.674,-0.155,0.049,,5.776,yes,"De Masi et al., PRC 77 042201(R) (2008), CLAS physics database export"
CLAS6_demasi,pi0,p,E25M45,A_LU(phi),2.64,0.354,-1.418,337.334,-0.193,0.107,,5.776,yes,"De Masi et al., PRC 77 042201(R) (2008), CLAS physics database export"
CLAS6_demasi,pi0,p,E25M46,A_LU(phi),2.8,0.321,-0.175,16.383,0.197,0.346,,5.776,yes,"De Masi et al., PRC 77 042201(R) (2008), CLAS physics database export"
CLAS6_demasi,pi0,p,E25M46,A_LU(phi),2.8,0.328,-0.178,44.571,0.0,0.192,,5.776,yes,"De Masi et al., PRC 77 042201(R) (2008), CLAS physics database export"
CLAS6_demasi,pi0,p,E25M46,A_LU(phi),2.77,0.322,-0.178,72.893,0.316,0.238,,5.776,yes,"De Masi et al., PRC 77 042201(R) (2008), CLAS physics database export"
CLAS6_demasi,pi0,p,E25M46,A_LU(phi),2.76,0.319,-0.174,101.909,0.217,0.238,,5.776,yes,"De Masi et al., PRC 77 042201(R) (2008), CLAS physics database export"
CLAS6_demasi,pi0,p,E25M46,A_LU(phi),2.74,0.316,-0.188,130.584,-0.317,0.462,,5.776,yes,"De Masi et al., PRC 77 042201(R) (2008), CLAS physics database export"
CLAS6_demasi,pi0,p,E25M46,A_LU(phi),2.71,0.306,-0.185,167.721,0.421,0.543,,5.776,yes,"De Masi et al., PRC 77 042201(R) (2008), CLAS physics database export"
CLAS6_demasi,pi0,p,E25M46,A_LU(phi),2.71,0.317,-0.189,196.822,-0.208,0.365,,5.776,yes,"De Masi et al., PRC 77 042201(R) (2008), CLAS physics database export"
CLAS6_demasi,pi0,p,E25M46,A_LU(phi),2.72,0.317,-0.185,225.693,-0.289,0.408,,5.776,yes,"De Masi et al., PRC 77 042201(R) (2008), CLAS physics database export"
CLAS6_demasi,pi0,p,E25M46,A_LU(phi),2.77,0.319,-0.183,252.552,0.0,0.221,,5.776,yes,"De Masi et al., PRC 77 042201(R) (2008), CLAS physics database export"
CLAS6_demasi,pi0,p,E25M46,A_LU(phi),2.88,0.328,-0.176,281.3,-0.035,0.216,,5.776,yes,"De Masi et al., PRC 77 042201(R) (2008), CLAS physics database export"
CLAS6_demasi,pi0,p,E25M46,A_LU(phi),2.81,0.324,-0.178,314.19,0.028,0.205,,5.776,yes,"De Masi et al., PRC 77 042201(R) (2008), CLAS physics database export"
CLAS6_demasi,pi0,p,E25M46,A_LU(phi),2.75,0.321,-0.18,343.433,0.191,0.26,,5.776,yes,"De Masi et al., PRC 77 042201(R) (2008), CLAS physics database export"
CLAS6_demasi,pi0,p,E25M47,A_LU(phi),3.1,0.374,-0.295,15.437,-0.091,0.092,,5.776,yes,"De Masi et al., PRC 77 042201(R) (2008), CLAS physics database export"
CLAS6_demasi,pi0,p,E25M47,A_LU(phi),3.03,0.358,-0.3,46.32,0.137,0.063,,5.776,yes,"De Masi et al., PRC 77 042201(R) (2008), CLAS physics database export"
CLAS6_demasi,pi0,p,E25M47,A_LU(phi),3.02,0.356,-0.319,74.335,0.184,0.058,,5.776,yes,"De Masi et al., PRC 77 042201(R) (2008), CLAS physics database export"
CLAS6_demasi,pi0,p,E25M47,A_LU(phi),2.97,0.35,-0.314,104.177,0.089,0.056,,5.776,yes,"De Masi et al., PRC 77 042201(R) (2008), CLAS physics database export"
CLAS6_demasi,pi0,p,E25M47,A_LU(phi),2.95,0.347,-0.315,130.498,0.017,0.087,,5.776,yes,"De Masi et al., PRC 77 042201(R) (2008), CLAS physics database export"
CLAS6_demasi,pi0,p,E25M47,A_LU(phi),2.94,0.338,-0.31,165.459,0.05,0.145,,5.776,yes,"De Masi et al., PRC 77 042201(R) (2008), CLAS physics database export"
CLAS6_demasi,pi0,p,E25M47,A_LU(phi),2.87,0.331,-0.31,197.599,-0.145,0.093,,5.776,yes,"De Masi et al., PRC 77 042201(R) (2008), CLAS physics database export"
CLAS6_demasi,pi0,p,E25M47,A_LU(phi),2.96,0.345,-0.323,225.712,-0.142,0.072,,5.776,yes,"De Masi et al., PRC 77 042201(R) (2008), CLAS physics database export"
CLAS6_demasi,pi0,p,E25M47,A_LU(phi),3.0,0.354,-0.315,255.796,0.009,0.055,,5.776,yes,"De Masi et al., PRC 77 042201(R) (2008), CLAS physics database export"
CLAS6_demasi,pi0,p,E25M47,A_LU(phi),2.99,0.352,-0.316,284.95,-0.148,0.057,,5.776,yes,"De Masi et al., PRC 77 042201(R) (2008), CLAS physics database export"
CLAS6_demasi,pi0,p,E25M47,A_LU(phi),3.02,0.359,-0.304,314.802,-0.187,0.066,,5.776,yes,"De Masi et al., PRC 77 042201(R) (2008), CLAS physics database export"
CLAS6_demasi,pi0,p,E25M47,A_LU(phi),3.09,0.371,-0.288,342.227,0.13,0.085,,5.776,yes,"De Masi et al., PRC 77 042201(R) (2008), CLAS physics database export"
CLAS6_demasi,pi0,p,E25M48,A_LU(phi),3.16,0.388,-0.465,18.392,0.149,0.141,,5.776,yes,"De Masi et al., PRC 77 042201(R) (2008), CLAS physics database export"
CLAS6_demasi,pi0,p,E25M48,A_LU(phi),3.08,0.369,-0.498,47.6,0.028,0.065,,5.776,yes,"De Masi et al., PRC 77 042201(R) (2008), CLAS physics database export"
CLAS6_demasi,pi0,p,E25M48,A_LU(phi),3.05,0.359,-0.497,75.821,0.121,0.056,,5.776,yes,"De Masi et al., PRC 77 042201(R) (2008), CLAS physics database export"
CLAS6_demasi,pi0,p,E25M48,A_LU(phi),3.02,0.355,-0.499,104.186,0.129,0.059,,5.776,yes,"De Masi et al., PRC 77 042201(R) (2008), CLAS physics database export"
CLAS6_demasi,pi0,p,E25M48,A_LU(phi),3.05,0.355,-0.481,129.804,0.111,0.09,,5.776,yes,"De Masi et al., PRC 77 042201(R) (2008), CLAS physics database export"
CLAS6_demasi,pi0,p,E25M48,A_LU(phi),3.12,0.357,-0.467,163.394,-0.034,0.214,,5.776,yes,"De Masi et al., PRC 77 042201(R) (2008), CLAS physics database export"
CLAS6_demasi,pi0,p,E25M48,A_LU(phi),3.04,0.349,-0.488,198.705,0.011,0.119,,5.776,yes,"De Masi et al., PRC 77 042201(R) (2008), CLAS physics database export"
CLAS6_demasi,pi0,p,E25M48,A_LU(phi),3.0,0.346,-0.494,225.79,-0.136,0.077,,5.776,yes,"De Masi et al., PRC 77 042201(R) (2008), CLAS physics database export"
CLAS6_demasi,pi0,p,E25M48,A_LU(phi),3.01,0.354,-0.494,255.728,-0.103,0.055,,5.776,yes,"De Masi et al., PRC 77 042201(R) (2008), CLAS physics database export"
CLAS6_demasi,pi0,p,E25M48,A_LU(phi),3.02,0.358,-0.495,284.45,-0.115,0.055,,5.776,yes,"De Masi et al., PRC 77 042201(R) (2008), CLAS physics database export"
CLAS6_demasi,pi0,p,E25M48,A_LU(phi),3.03,0.36,-0.492,312.22,-0.098,0.065,,5.776,yes,"De Masi et al., PRC 77 042201(R) (2008), CLAS physics database export"
CLAS6_demasi,pi0,p,E25M48,A_LU(phi),3.18,0.388,-0.48,339.894,0.13,0.12,,5.776,yes,"De Masi et al., PRC 77 042201(R) (2008), CLAS physics database export"
CLAS6_demasi,pi0,p,E25M49,A_LU(phi),3.06,0.384,-0.706,22.172,0.252,0.277,,5.776,yes,"De Masi et al., PRC 77 042201(R) (2008), CLAS physics database export"
CLAS6_demasi,pi0,p,E25M49,A_LU(phi),3.02,0.357,-0.791,48.705,0.142,0.055,,5.776,yes,"De Masi et al., PRC 77 042201(R) (2008), CLAS physics database export"
CLAS6_demasi,pi0,p,E25M49,A_LU(phi),3.05,0.36,-0.778,74.919,0.197,0.05,,5.776,yes,"De Masi et al., PRC 77 042201(R) (2008), CLAS physics database export"
CLAS6_demasi,pi0,p,E25M49,A_LU(phi),3.03,0.351,-0.763,104.262,0.131,0.064,,5.776,yes,"De Masi et al., PRC 77 042201(R) (2008), CLAS physics database export"
CLAS6_demasi,pi0,p,E25M49,A_LU(phi),3.11,0.356,-0.713,131.423,-0.145,0.176,,5.776,yes,"De Masi et al., PRC 77 042201(R) (2008), CLAS physics database export"
CLAS6_demasi,pi0,p,E25M49,A_LU(phi),3.17,0.363,-0.702,163.274,-0.534,0.387,,5.776,yes,"De Masi et al., PRC 77 042201(R) (2008), CLAS physics database export"
CLAS6_demasi,pi0,p,E25M49,A_LU(phi),3.06,0.351,-0.733,197.038,0.447,0.255,,5.776,yes,"De Masi et al., PRC 77 042201(R) (2008), CLAS physics database export"
CLAS6_demasi,pi0,p,E25M49,A_LU(phi),3.05,0.348,-0.746,228.526,-0.011,0.123,,5.776,yes,"De Masi et al., PRC 77 042201(R) (2008), CLAS physics database export"
CLAS6_demasi,pi0,p,E25M49,A_LU(phi),3.01,0.352,-0.75,258.387,-0.106,0.062,,5.776,yes,"De Masi et al., PRC 77 042201(R) (2008), CLAS physics database export"
CLAS6_demasi,pi0,p,E25M49,A_LU(phi),3.02,0.356,-0.779,284.405,-0.062,0.046,,5.776,yes,"De Masi et al., PRC 77 042201(R) (2008), CLAS physics database export"
CLAS6_demasi,pi0,p,E25M49,A_LU(phi),3.04,0.362,-0.783,311.956,-0.031,0.06,,5.776,yes,"De Masi et al., PRC 77 042201(R) (2008), CLAS physics database export"
CLAS6_demasi,pi0,p,E25M49,A_LU(phi),3.21,0.396,-0.727,335.676,-0.315,0.25,,5.776,yes,"De Masi et al., PRC 77 042201(R) (2008), CLAS physics database export"
CLAS6_demasi,pi0,p,E25M50,A_LU(phi),3.04,0.358,-1.511,20.978,0.333,0.14,,5.776,yes,"De Masi et al., PRC 77 042201(R) (2008), CLAS physics database export"
CLAS6_demasi,pi0,p,E25M50,A_LU(phi),3.04,0.361,-1.318,47.25,0.0,0.054,,5.776,yes,"De Masi et al., PRC 77 042201(R) (2008), CLAS physics database export"
CLAS6_demasi,pi0,p,E25M50,A_LU(phi),3.07,0.361,-1.284,72.605,0.101,0.062,,5.776,yes,"De Masi et al., PRC 77 042201(R) (2008), CLAS physics database export"
CLAS6_demasi,pi0,p,E25M50,A_LU(phi),3.05,0.35,-1.168,99.144,0.149,0.134,,5.776,yes,"De Masi et al., PRC 77 042201(R) (2008), CLAS physics database export"
CLAS6_demasi,pi0,p,E25M50,A_LU(phi),3.06,0.363,-1.405,134.348,-0.126,0.296,,5.776,yes,"De Masi et al., PRC 77 042201(R) (2008), CLAS physics database export"
CLAS6_demasi,pi0,p,E25M50,A_LU(phi),3.19,0.376,-1.284,165.078,0.16,0.361,,5.776,yes,"De Masi et al., PRC 77 042201(R) (2008), CLAS physics database export"
CLAS6_demasi,pi0,p,E25M50,A_LU(phi),3.01,0.36,-1.405,197.475,0.499,0.329,,5.776,yes,"De Masi et al., PRC 77 042201(R) (2008), CLAS physics database export"
CLAS6_demasi,pi0,p,E25M50,A_LU(phi),2.94,0.343,-1.348,226.706,-0.31,0.357,,5.776,yes,"De Masi et al., PRC 77 042201(R) (2008), CLAS physics database export"
CLAS6_demasi,pi0,p,E25M50,A_LU(phi),3.07,0.358,-1.257,259.033,-0.009,0.109,,5.776,yes,"De Masi et al., PRC 77 042201(R) (2008), CLAS physics database export"
CLAS6_demasi,pi0,p,E25M50,A_LU(phi),3.1,0.366,-1.279,286.494,-0.049,0.055,,5.776,yes,"De Masi et al., PRC 77 042201(R) (2008), CLAS physics database export"
CLAS6_demasi,pi0,p,E25M50,A_LU(phi),3.05,0.362,-1.34,314.82,-0.049,0.059,,5.776,yes,"De Masi et al., PRC 77 042201(R) (2008), CLAS physics database export"
CLAS6_demasi,pi0,p,E25M50,A_LU(phi),2.93,0.344,-1.5,338.295,0.089,0.132,,5.776,yes,"De Masi et al., PRC 77 042201(R) (2008), CLAS physics database export"
CLAS6_demasi,pi0,p,E25M51,A_LU(phi),2.74,0.439,-0.347,15.696,0.312,0.151,,5.776,yes,"De Masi et al., PRC 77 042201(R) (2008), CLAS physics database export"
CLAS6_demasi,pi0,p,E25M51,A_LU(phi),2.72,0.439,-0.351,45.698,-0.055,0.139,,5.776,yes,"De Masi et al., PRC 77 042201(R) (2008), CLAS physics database export"
CLAS6_demasi,pi0,p,E25M51,A_LU(phi),2.72,0.441,-0.35,72.788,-0.078,0.152,,5.776,yes,"De Masi et al., PRC 77 042201(R) (2008), CLAS physics database export"
CLAS6_demasi,pi0,p,E25M51,A_LU(phi),2.66,0.443,-0.367,103.819,0.291,0.263,,5.776,yes,"De Masi et al., PRC 77 042201(R) (2008), CLAS physics database export"
CLAS6_demasi,pi0,p,E25M51,A_LU(phi),2.55,0.434,-0.396,129.907,0.179,0.478,,5.776,yes,"De Masi et al., PRC 77 042201(R) (2008), CLAS physics database export"
CLAS6_demasi,pi0,p,E25M51,A_LU(phi),2.54,0.433,-0.386,236.278,-1.326,3.312,,5.776,yes,"De Masi et al., PRC 77 042201(R) (2008), CLAS physics database export"
CLAS6_demasi,pi0,p,E25M51,A_LU(phi),2.65,0.435,-0.349,254.807,-0.096,0.256,,5.776,yes,"De Masi et al., PRC 77 042201(R) (2008), CLAS physics database export"
CLAS6_demasi,pi0,p,E25M51,A_LU(phi),2.64,0.438,-0.347,283.688,-0.055,0.294,,5.776,yes,"De Masi et al., PRC 77 042201(R) (2008), CLAS physics database export"
CLAS6_demasi,pi0,p,E25M51,A_LU(phi),2.74,0.439,-0.347,317.576,-0.058,0.125,,5.776,yes,"De Masi et al., PRC 77 042201(R) (2008), CLAS physics database export"
CLAS6_demasi,pi0,p,E25M51,A_LU(phi),2.73,0.439,-0.346,345.028,0.02,0.115,,5.776,yes,"De Masi et al., PRC 77 042201(R) (2008), CLAS physics database export"
CLAS6_demasi,pi0,p,E25M52,A_LU(phi),2.75,0.447,-0.505,14.108,-0.054,0.071,,5.776,yes,"De Masi et al., PRC 77 042201(R) (2008), CLAS physics database export"
CLAS6_demasi,pi0,p,E25M52,A_LU(phi),2.76,0.445,-0.509,44.42,0.062,0.08,,5.776,yes,"De Masi et al., PRC 77 042201(R) (2008), CLAS physics database export"
CLAS6_demasi,pi0,p,E25M52,A_LU(phi),2.83,0.453,-0.498,72.625,0.0,0.12,,5.776,yes,"De Masi et al., PRC 77 042201(R) (2008), CLAS physics database export"
CLAS6_demasi,pi0,p,E25M52,A_LU(phi),2.73,0.45,-0.493,103.733,0.187,0.189,,5.776,yes,"De Masi et al., PRC 77 042201(R) (2008), CLAS physics database export"
CLAS6_demasi,pi0,p,E25M52,A_LU(phi),2.58,0.433,-0.523,131.17,0.222,0.185,,5.776,yes,"De Masi et al., PRC 77 042201(R) (2008), CLAS physics database export"
CLAS6_demasi,pi0,p,E25M52,A_LU(phi),2.53,0.43,-0.492,229.415,0.208,0.258,,5.776,yes,"De Masi et al., PRC 77 042201(R) (2008), CLAS physics database export"
CLAS6_demasi,pi0,p,E25M52,A_LU(phi),2.77,0.452,-0.496,252.629,-0.114,0.155,,5.776,yes,"De Masi et al., PRC 77 042201(R) (2008), CLAS physics database export"
CLAS6_demasi,pi0,p,E25M52,A_LU(phi),2.78,0.451,-0.5,285.555,-0.266,0.161,,5.776,yes,"De Masi et al., PRC 77 042201(R) (2008), CLAS physics database export"
CLAS6_demasi,pi0,p,E25M52,A_LU(phi),2.76,0.443,-0.503,317.438,0.021,0.076,,5.776,yes,"De Masi et al., PRC 77 042201(R) (2008), CLAS physics database export"
CLAS6_demasi,pi0,p,E25M52,A_LU(phi),2.76,0.449,-0.502,344.426,-0.059,0.065,,5.776,yes,"De Masi et al., PRC 77 042201(R) (2008), CLAS physics database export"
CLAS6_demasi,pi0,p,E25M53,A_LU(phi),2.74,0.448,-0.784,14.556,0.05,0.057,,5.776,yes,"De Masi et al., PRC 77 042201(R) (2008), CLAS physics database export"
CLAS6_demasi,pi0,p,E25M53,A_LU(phi),2.79,0.449,-0.793,43.761,0.005,0.057,,5.776,yes,"De Masi et al., PRC 77 042201(R) (2008), CLAS physics database export"
CLAS6_demasi,pi0,p,E25M53,A_LU(phi),2.82,0.448,-0.759,68.784,0.174,0.13,,5.776,yes,"De Masi et al., PRC 77 042201(R) (2008), CLAS physics database export"
CLAS6_demasi,pi0,p,E25M53,A_LU(phi),2.74,0.45,-0.789,109.48,0.031,0.144,,5.776,yes,"De Masi et al., PRC 77 042201(R) (2008), CLAS physics database export"
CLAS6_demasi,pi0,p,E25M53,A_LU(phi),2.66,0.441,-0.813,134.103,0.088,0.116,,5.776,yes,"De Masi et al., PRC 77 042201(R) (2008), CLAS physics database export"
CLAS6_demasi,pi0,p,E25M53,A_LU(phi),2.73,0.436,-0.837,204.842,0.0,0.63,,5.776,yes,"De Masi et al., PRC 77 042201(R) (2008), CLAS physics database export"
CLAS6_demasi,pi0,p,E25M53,A_LU(phi),2.72,0.44,-0.828,222.402,-0.127,0.172,,5.776,yes,"De Masi et al., PRC 77 042201(R) (2008), CLAS physics database export"
CLAS6_demasi,pi0,p,E25M53,A_LU(phi),2.72,0.448,-0.789,254.126,-0.297,0.152,,5.776,yes,"De Masi et al., PRC 77 042201(R) (2008), CLAS physics database export"
CLAS6_demasi,pi0,p,E25M53,A_LU(phi),2.73,0.443,-0.793,291.202,-0.165,0.131,,5.776,yes,"De Masi et al., PRC 77 042201(R) (2008), CLAS physics database export"
CLAS6_demasi,pi0,p,E25M53,A_LU(phi),2.75,0.445,-0.79,316.634,0.012,0.056,,5.776,yes,"De Masi et al., PRC 77 042201(R) (2008), CLAS physics database export"
CLAS6_demasi,pi0,p,E25M53,A_LU(phi),2.76,0.449,-0.773,344.241,-0.027,0.051,,5.776,yes,"De Masi et al., PRC 77 042201(R) (2008), CLAS physics database export"
CLAS6_demasi,pi0,p,E25M54,A_LU(phi),2.82,0.453,-1.26,20.771,-0.144,0.096,,5.776,yes,"De Masi et al., PRC 77 042201(R) (2008), CLAS physics database export"
CLAS6_demasi,pi0,p,E25M54,A_LU(phi),2.79,0.451,-1.282,43.627,0.077,0.065,,5.776,yes,"De Masi et al., PRC 77 042201(R) (2008), CLAS physics database export"
CLAS6_demasi,pi0,p,E25M54,A_LU(phi),2.72,0.444,-1.327,74.523,0.0,0.098,,5.776,yes,"De Masi et al., PRC 77 042201(R) (2008), CLAS physics database export"
CLAS6_demasi,pi0,p,E25M54,A_LU(phi),2.75,0.449,-1.338,103.682,-0.041,0.149,,5.776,yes,"De Masi et al., PRC 77 042201(R) (2008), CLAS physics database export"
CLAS6_demasi,pi0,p,E25M54,A_LU(phi),2.73,0.445,-1.294,133.312,0.064,0.111,,5.776,yes,"De Masi et al., PRC 77 042201(R) (2008), CLAS physics database export"
CLAS6_demasi,pi0,p,E25M54,A_LU(phi),2.74,0.427,-1.3,150.234,-1.248,1.248,,5.776,yes,"De Masi et al., PRC 77 042201(R) (2008), CLAS physics database export"
CLAS6_demasi,pi0,p,E25M54,A_LU(phi),2.71,0.441,-1.333,227.311,0.148,0.157,,5.776,yes,"De Masi et al., PRC 77 042201(R) (2008), CLAS physics database export"
CLAS6_demasi,pi0,p,E25M54,A_LU(phi),2.72,0.446,-1.452,257.656,-0.117,0.106,,5.776,yes,"De Masi et al., PRC 77 042201(R) (2008), CLAS physics database export"
CLAS6_demasi,pi0,p,E25M54,A_LU(phi),2.72,0.445,-1.399,285.132,-0.131,0.105,,5.776,yes,"De Masi et al., PRC 77 042201(R) (2008), CLAS physics database export"
CLAS6_demasi,pi0,p,E25M54,A_LU(phi),2.81,0.449,-1.3,316.587,-0.11,0.063,,5.776,yes,"De Masi et al., PRC 77 042201(R) (2008), CLAS physics database export"
CLAS6_demasi,pi0,p,E25M54,A_LU(phi),2.73,0.447,-1.256,340.127,-0.058,0.086,,5.776,yes,"De Masi et al., PRC 77 042201(R) (2008), CLAS physics database export"
CLAS6_demasi,pi0,p,E25M55,A_LU(phi),3.17,0.443,-0.342,15.727,-0.044,0.136,,5.776,yes,"De Masi et al., PRC 77 042201(R) (2008), CLAS physics database export"
CLAS6_demasi,pi0,p,E25M55,A_LU(phi),3.19,0.445,-0.352,44.015,-0.022,0.122,,5.776,yes,"De Masi et al., PRC 77 042201(R) (2008), CLAS physics database export"
CLAS6_demasi,pi0,p,E25M55,A_LU(phi),3.2,0.445,-0.361,74.569,0.363,0.131,,5.776,yes,"De Masi et al., PRC 77 042201(R) (2008), CLAS physics database export"
CLAS6_demasi,pi0,p,E25M55,A_LU(phi),3.12,0.438,-0.35,97.674,-0.14,0.299,,5.776,yes,"De Masi et al., PRC 77 042201(R) (2008), CLAS physics database export"
CLAS6_demasi,pi0,p,E25M55,A_LU(phi),3.18,0.426,-0.379,121.067,-1.28,1.281,,5.776,yes,"De Masi et al., PRC 77 042201(R) (2008), CLAS physics database export"
CLAS6_demasi,pi0,p,E25M55,A_LU(phi),3.24,0.44,-0.359,259.89,-0.219,0.239,,5.776,yes,"De Masi et al., PRC 77 042201(R) (2008), CLAS physics database export"
CLAS6_demasi,pi0,p,E25M55,A_LU(phi),3.18,0.438,-0.344,286.289,-0.081,0.159,,5.776,yes,"De Masi et al., PRC 77 042201(R) (2008), CLAS physics database export"
CLAS6_demasi,pi0,p,E25M55,A_LU(phi),3.18,0.441,-0.345,316.7,-0.01,0.113,,5.776,yes,"De Masi et al., PRC 77 042201(R) (2008), CLAS physics database export"
CLAS6_demasi,pi0,p,E25M55,A_LU(phi),3.18,0.442,-0.35,343.249,0.0,0.118,,5.776,yes,"De Masi et al., PRC 77 042201(R) (2008), CLAS physics database export"
CLAS6_demasi,pi0,p,E25M56,A_LU(phi),3.33,0.472,-0.505,15.046,0.035,0.067,,5.776,yes,"De Masi et al., PRC 77 042201(R) (2008), CLAS physics database export"
CLAS6_demasi,pi0,p,E25M56,A_LU(phi),3.29,0.466,-0.514,45.436,0.023,0.067,,5.776,yes,"De Masi et al., PRC 77 042201(R) (2008), CLAS physics database export"
CLAS6_demasi,pi0,p,E25M56,A_LU(phi),3.33,0.468,-0.5,71.148,0.087,0.08,,5.776,yes,"De Masi et al., PRC 77 042201(R) (2008), CLAS physics database export"
CLAS6_demasi,pi0,p,E25M56,A_LU(phi),3.31,0.472,-0.515,99.368,-0.023,0.176,,5.776,yes,"De Masi et al., PRC 77 042201(R) (2008), CLAS physics database export"
CLAS6_demasi,pi0,p,E25M56,A_LU(phi),3.21,0.447,-0.526,127.964,0.0,0.313,,5.776,yes,"De Masi et al., PRC 77 042201(R) (2008), CLAS physics database export"
CLAS6_demasi,pi0,p,E25M56,A_LU(phi),3.25,0.436,-0.589,238.9,0.737,0.64,,5.776,yes,"De Masi et al., PRC 77 042201(R) (2008), CLAS physics database export"
CLAS6_demasi,pi0,p,E25M56,A_LU(phi),3.29,0.452,-0.49,259.299,-0.181,0.198,,5.776,yes,"De Masi et al., PRC 77 042201(R) (2008), CLAS physics database export"
CLAS6_demasi,pi0,p,E25M56,A_LU(phi),3.3,0.458,-0.502,288.505,0.032,0.093,,5.776,yes,"De Masi et al., PRC 77 042201(R) (2008), CLAS physics database export"
CLAS6_demasi,pi0,p,E25M56,A_LU(phi),3.33,0.472,-0.504,315.872,-0.091,0.063,,5.776,yes,"De Masi et al., PRC 77 042201(R) (2008), CLAS physics database export"
CLAS6_demasi,pi0,p,E25M56,A_LU(phi),3.33,0.474,-0.501,343.881,0.017,0.062,,5.776,yes,"De Masi et al., PRC 77 042201(R) (2008), CLAS physics database export"
CLAS6_demasi,pi0,p,E25M57,A_LU(phi),3.4,0.487,-0.774,15.773,0.029,0.054,,5.776,yes,"De Masi et al., PRC 77 042201(R) (2008), CLAS physics database export"
CLAS6_demasi,pi0,p,E25M57,A_LU(phi),3.35,0.474,-0.782,45.969,0.199,0.047,,5.776,yes,"De Masi et al., PRC 77 042201(R) (2008), CLAS physics database export"
CLAS6_demasi,pi0,p,E25M57,A_LU(phi),3.39,0.473,-0.771,69.725,0.047,0.067,,5.776,yes,"De Masi et al., PRC 77 042201(R) (2008), CLAS physics database export"
CLAS6_demasi,pi0,p,E25M57,A_LU(phi),3.32,0.47,-0.759,105.33,-0.018,0.16,,5.776,yes,"De Masi et al., PRC 77 042201(R) (2008), CLAS physics database export"
CLAS6_demasi,pi0,p,E25M57,A_LU(phi),3.24,0.462,-0.814,134.075,-0.045,0.18,,5.776,yes,"De Masi et al., PRC 77 042201(R) (2008), CLAS physics database export"
CLAS6_demasi,pi0,p,E25M57,A_LU(phi),3.26,0.443,-0.827,150.616,1.238,2.96,,5.776,yes,"De Masi et al., PRC 77 042201(R) (2008), CLAS physics database export"
CLAS6_demasi,pi0,p,E25M57,A_LU(phi),3.08,0.427,-0.886,201.7,-0.181,0.485,,5.776,yes,"De Masi et al., PRC 77 042201(R) (2008), CLAS physics database export"
CLAS6_demasi,pi0,p,E25M57,A_LU(phi),3.23,0.447,-0.806,225.135,0.0,0.254,,5.776,yes,"De Masi et al., PRC 77 042201(R) (2008), CLAS physics database export"
CLAS6_demasi,pi0,p,E25M57,A_LU(phi),3.36,0.478,-0.746,255.895,0.06,0.165,,5.776,yes,"De Masi et al., PRC 77 042201(R) (2008), CLAS physics database export"
CLAS6_demasi,pi0,p,E25M57,A_LU(phi),3.33,0.468,-0.775,289.533,-0.118,0.07,,5.776,yes,"De Masi et al., PRC 77 042201(R) (2008), CLAS physics database export"
CLAS6_demasi,pi0,p,E25M57,A_LU(phi),3.35,0.475,-0.783,315.714,-0.065,0.045,,5.776,yes,"De Masi et al., PRC 77 042201(R) (2008), CLAS physics database export"
CLAS6_demasi,pi0,p,E25M57,A_LU(phi),3.37,0.482,-0.774,343.295,0.013,0.05,,5.776,yes,"De Masi et al., PRC 77 042201(R) (2008), CLAS physics database export"
CLAS6_demasi,pi0,p,E25M58,A_LU(phi),3.38,0.483,-1.272,20.138,0.136,0.086,,5.776,yes,"De Masi et al., PRC 77 042201(R) (2008), CLAS physics database export"
CLAS6_demasi,pi0,p,E25M58,A_LU(phi),3.37,0.476,-1.318,45.49,0.01,0.046,,5.776,yes,"De Masi et al., PRC 77 042201(R) (2008), CLAS physics database export"
CLAS6_demasi,pi0,p,E25M58,A_LU(phi),3.35,0.468,-1.294,69.421,0.131,0.08,,5.776,yes,"De Masi et al., PRC 77 042201(R) (2008), CLAS physics database export"
CLAS6_demasi,pi0,p,E25M58,A_LU(phi),3.34,0.479,-1.451,106.403,0.278,0.204,,5.776,yes,"De Masi et al., PRC 77 042201(R) (2008), CLAS physics database export"
CLAS6_demasi,pi0,p,E25M58,A_LU(phi),3.3,0.471,-1.343,131.847,-0.016,0.151,,5.776,yes,"De Masi et al., PRC 77 042201(R) (2008), CLAS physics database export"
CLAS6_demasi,pi0,p,E25M58,A_LU(phi),3.26,0.435,-1.326,160.328,-0.248,0.565,,5.776,yes,"De Masi et al., PRC 77 042201(R) (2008), CLAS physics database export"
CLAS6_demasi,pi0,p,E25M58,A_LU(phi),3.06,0.425,-1.095,201.793,0.627,0.859,,5.776,yes,"De Masi et al., PRC 77 042201(R) (2008), CLAS physics database export"
CLAS6_demasi,pi0,p,E25M58,A_LU(phi),3.28,0.461,-1.334,225.639,-0.344,0.222,,5.776,yes,"De Masi et al., PRC 77 042201(R) (2008), CLAS physics database export"
CLAS6_demasi,pi0,p,E25M58,A_LU(phi),3.37,0.483,-1.466,255.357,-0.201,0.134,,5.776,yes,"De Masi et al., PRC 77 042201(R) (2008), CLAS physics database export"
CLAS6_demasi,pi0,p,E25M58,A_LU(phi),3.34,0.47,-1.334,290.006,-0.121,0.082,,5.776,yes,"De Masi et al., PRC 77 042201(R) (2008), CLAS physics database export"
CLAS6_demasi,pi0,p,E25M58,A_LU(phi),3.39,0.481,-1.324,315.821,-0.013,0.047,,5.776,yes,"De Masi et al., PRC 77 042201(R) (2008), CLAS physics database export"
CLAS6_demasi,pi0,p,E25M58,A_LU(phi),3.42,0.491,-1.294,338.377,0.008,0.074,,5.776,yes,"De Masi et al., PRC 77 042201(R) (2008), CLAS physics database export"
CLAS6_demasi,pi0,p,E25M59,A_LU(phi),3.58,0.448,-0.35,14.582,0.039,0.157,,5.776,yes,"De Masi et al., PRC 77 042201(R) (2008), CLAS physics database export"
CLAS6_demasi,pi0,p,E25M59,A_LU(phi),3.59,0.443,-0.354,45.002,-0.217,0.177,,5.776,yes,"De Masi et al., PRC 77 042201(R) (2008), CLAS physics database export"
CLAS6_demasi,pi0,p,E25M59,A_LU(phi),3.53,0.438,-0.346,73.542,0.07,0.149,,5.776,yes,"De Masi et al., PRC 77 042201(R) (2008), CLAS physics database export"
CLAS6_demasi,pi0,p,E25M59,A_LU(phi),3.59,0.443,-0.366,100.631,-0.084,0.232,,5.776,yes,"De Masi et al., PRC 77 042201(R) (2008), CLAS physics database export"
CLAS6_demasi,pi0,p,E25M59,A_LU(phi),3.57,0.428,-0.388,131.745,0.636,0.711,,5.776,yes,"De Masi et al., PRC 77 042201(R) (2008), CLAS physics database export"
CLAS6_demasi,pi0,p,E25M59,A_LU(phi),3.67,0.42,-0.363,234.953,0.0,0.879,,5.776,yes,"De Masi et al., PRC 77 042201(R) (2008), CLAS physics database export"
CLAS6_demasi,pi0,p,E25M59,A_LU(phi),3.48,0.432,-0.37,256.981,-0.079,0.232,,5.776,yes,"De Masi et al., PRC 77 042201(R) (2008), CLAS physics database export"
CLAS6_demasi,pi0,p,E25M59,A_LU(phi),3.59,0.441,-0.367,285.998,0.019,0.158,,5.776,yes,"De Masi et al., PRC 77 042201(R) (2008), CLAS physics database export"
CLAS6_demasi,pi0,p,E25M59,A_LU(phi),3.58,0.443,-0.355,315.557,-0.43,0.159,,5.776,yes,"De Masi et al., PRC 77 042201(R) (2008), CLAS physics database export"
CLAS6_demasi,pi0,p,E25M59,A_LU(phi),3.57,0.44,-0.351,343.605,-0.016,0.149,,5.776,yes,"De Masi et al., PRC 77 042201(R) (2008), CLAS physics database export"
CLAS6_demasi,pi0,p,E25M60,A_LU(phi),3.8,0.483,-0.5,15.065,0.016,0.085,,5.776,yes,"De Masi et al., PRC 77 042201(R) (2008), CLAS physics database export"
CLAS6_demasi,pi0,p,E25M60,A_LU(phi),3.77,0.474,-0.514,46.741,0.057,0.074,,5.776,yes,"De Masi et al., PRC 77 042201(R) (2008), CLAS physics database export"
CLAS6_demasi,pi0,p,E25M60,A_LU(phi),3.79,0.475,-0.51,73.855,0.041,0.073,,5.776,yes,"De Masi et al., PRC 77 042201(R) (2008), CLAS physics database export"
CLAS6_demasi,pi0,p,E25M60,A_LU(phi),3.71,0.456,-0.506,102.477,0.216,0.113,,5.776,yes,"De Masi et al., PRC 77 042201(R) (2008), CLAS physics database export"
CLAS6_demasi,pi0,p,E25M60,A_LU(phi),3.7,0.449,-0.515,128.277,0.0,0.268,,5.776,yes,"De Masi et al., PRC 77 042201(R) (2008), CLAS physics database export"
CLAS6_demasi,pi0,p,E25M60,A_LU(phi),3.63,0.426,-0.549,169.974,-1.225,1.225,,5.776,yes,"De Masi et al., PRC 77 042201(R) (2008), CLAS physics database export"
CLAS6_demasi,pi0,p,E25M60,A_LU(phi),3.58,0.426,-0.496,180.196,0.0,0.897,,5.776,yes,"De Masi et al., PRC 77 042201(R) (2008), CLAS physics database export"
CLAS6_demasi,pi0,p,E25M60,A_LU(phi),3.63,0.435,-0.492,229.791,-0.17,0.242,,5.776,yes,"De Masi et al., PRC 77 042201(R) (2008), CLAS physics database export"
CLAS6_demasi,pi0,p,E25M60,A_LU(phi),3.67,0.453,-0.508,257.607,-0.208,0.096,,5.776,yes,"De Masi et al., PRC 77 042201(R) (2008), CLAS physics database export"
CLAS6_demasi,pi0,p,E25M60,A_LU(phi),3.72,0.467,-0.507,286.195,0.041,0.082,,5.776,yes,"De Masi et al., PRC 77 042201(R) (2008), CLAS physics database export"
CLAS6_demasi,pi0,p,E25M60,A_LU(phi),3.79,0.475,-0.502,315.926,-0.022,0.075,,5.776,yes,"De Masi et al., PRC 77 042201(R) (2008), CLAS physics database export"
CLAS6_demasi,pi0,p,E25M60,A_LU(phi),3.81,0.477,-0.508,342.141,0.064,0.079,,5.776,yes,"De Masi et al., PRC 77 042201(R) (2008), CLAS physics database export"
CLAS6_demasi,pi0,p,E25M61,A_LU(phi),4.0,0.518,-0.756,15.999,0.151,0.066,,5.776,yes,"De Masi et al., PRC 77 042201(R) (2008), CLAS physics database export"
CLAS6_demasi,pi0,p,E25M61,A_LU(phi),3.9,0.497,-0.789,45.905,0.082,0.051,,5.776,yes,"De Masi et al., PRC 77 042201(R) (2008), CLAS physics database export"
CLAS6_demasi,pi0,p,E25M61,A_LU(phi),3.88,0.492,-0.79,72.994,0.021,0.051,,5.776,yes,"De Masi et al., PRC 77 042201(R) (2008), CLAS physics database export"
CLAS6_demasi,pi0,p,E25M61,A_LU(phi),3.82,0.475,-0.739,100.947,0.142,0.102,,5.776,yes,"De Masi et al., PRC 77 042201(R) (2008), CLAS physics database export"
CLAS6_demasi,pi0,p,E25M61,A_LU(phi),3.86,0.477,-0.818,130.482,0.359,0.202,,5.776,yes,"De Masi et al., PRC 77 042201(R) (2008), CLAS physics database export"
CLAS6_demasi,pi0,p,E25M61,A_LU(phi),3.72,0.457,-0.77,150.696,-0.427,0.779,,5.776,yes,"De Masi et al., PRC 77 042201(R) (2008), CLAS physics database export"
CLAS6_demasi,pi0,p,E25M61,A_LU(phi),3.61,0.444,-0.713,201.084,-0.251,0.678,,5.776,yes,"De Masi et al., PRC 77 042201(R) (2008), CLAS physics database export"
CLAS6_demasi,pi0,p,E25M61,A_LU(phi),3.79,0.473,-0.769,229.899,-0.289,0.252,,5.776,yes,"De Masi et al., PRC 77 042201(R) (2008), CLAS physics database export"
CLAS6_demasi,pi0,p,E25M61,A_LU(phi),3.86,0.477,-0.764,259.598,-0.284,0.088,,5.776,yes,"De Masi et al., PRC 77 042201(R) (2008), CLAS physics database export"
CLAS6_demasi,pi0,p,E25M61,A_LU(phi),3.87,0.488,-0.794,285.191,-0.055,0.054,,5.776,yes,"De Masi et al., PRC 77 042201(R) (2008), CLAS physics database export"
CLAS6_demasi,pi0,p,E25M61,A_LU(phi),3.9,0.497,-0.789,314.788,-0.051,0.051,,5.776,yes,"De Masi et al., PRC 77 042201(R) (2008), CLAS physics database export"
CLAS6_demasi,pi0,p,E25M61,A_LU(phi),3.96,0.512,-0.766,342.592,0.093,0.06,,5.776,yes,"De Masi et al., PRC 77 042201(R) (2008), CLAS physics database export"
CLAS6_demasi,pi0,p,E25M62,A_LU(phi),4.02,0.526,-1.287,21.214,-0.013,0.091,,5.776,yes,"De Masi et al., PRC 77 042201(R) (2008), CLAS physics database export"
CLAS6_demasi,pi0,p,E25M62,A_LU(phi),3.9,0.499,-1.35,46.083,0.075,0.047,,5.776,yes,"De Masi et al., PRC 77 042201(R) (2008), CLAS physics database export"
CLAS6_demasi,pi0,p,E25M62,A_LU(phi),3.93,0.498,-1.312,70.427,0.015,0.058,,5.776,yes,"De Masi et al., PRC 77 042201(R) (2008), CLAS physics database export"
CLAS6_demasi,pi0,p,E25M62,A_LU(phi),3.9,0.489,-1.268,100.871,0.114,0.182,,5.776,yes,"De Masi et al., PRC 77 042201(R) (2008), CLAS physics database export"
CLAS6_demasi,pi0,p,E25M62,A_LU(phi),3.8,0.488,-1.432,132.554,-0.085,0.261,,5.776,yes,"De Masi et al., PRC 77 042201(R) (2008), CLAS physics database export"
CLAS6_demasi,pi0,p,E25M62,A_LU(phi),3.61,0.452,-1.273,162.508,-0.182,0.485,,5.776,yes,"De Masi et al., PRC 77 042201(R) (2008), CLAS physics database export"
CLAS6_demasi,pi0,p,E25M62,A_LU(phi),3.55,0.437,-1.229,195.578,-0.504,0.429,,5.776,yes,"De Masi et al., PRC 77 042201(R) (2008), CLAS physics database export"
CLAS6_demasi,pi0,p,E25M62,A_LU(phi),3.9,0.486,-1.247,229.671,0.38,0.324,,5.776,yes,"De Masi et al., PRC 77 042201(R) (2008), CLAS physics database export"
CLAS6_demasi,pi0,p,E25M62,A_LU(phi),3.81,0.481,-1.389,258.498,-0.176,0.138,,5.776,yes,"De Masi et al., PRC 77 042201(R) (2008), CLAS physics database export"
CLAS6_demasi,pi0,p,E25M62,A_LU(phi),3.91,0.493,-1.287,287.731,-0.154,0.058,,5.776,yes,"De Masi et al., PRC 77 042201(R) (2008), CLAS physics database export"
CLAS6_demasi,pi0,p,E25M62,A_LU(phi),3.93,0.502,-1.334,314.67,-0.036,0.05,,5.776,yes,"De Masi et al., PRC 77 042201(R) (2008), CLAS physics database export"
CLAS6_demasi,pi0,p,E25M62,A_LU(phi),4.05,0.531,-1.25,340.082,0.07,0.094,,5.776,yes,"De Masi et al., PRC 77 042201(R) (2008), CLAS physics database export"
